Sample;Position;Ref;Mutation;Occurences;Depth
A122_10_100;2728;G;A;1;23
A122_10_100;3307;A;G;1;57
A122_10_100;3440;C;T;1;76
A122_10_100;3533;A;G;1;150
A122_10_100;3930;A;G;1;21
A122_10_100;3999;C;T;1;420
A122_10_100;4017;C;T;2;539
A122_10_100;4039;T;A;1;568
A122_10_100;4053;T;C;1;544
A122_10_100;4067;C;T;1;477
A122_10_100;4097;G;A;1;341
A122_10_101;114;C;T;1;63
A122_10_101;122;A;G;1;74
A122_10_101;153;C;T;1;69
A122_10_101;199;A;G;1;63
A122_10_101;269;A;G;1;136
A122_10_101;418;C;T;2;111
A122_10_101;431;C;T;4;90
A122_10_101;432;C;T;1;84
A122_10_101;459;G;A;1;64
A122_10_101;481;G;A;1;62
A122_10_101;531;C;T;2;36
A122_10_101;546;C;T;2;71
A122_10_101;558;C;T;1;76
A122_10_101;629;C;T;1;50
A122_10_101;641;C;T;1;41
A122_10_101;680;C;T;1;33
A122_10_101;765;G;T;1;36
A122_10_101;882;G;A;1;109
A122_10_101;894;C;T;1;81
A122_10_101;930;C;T;1;58
A122_10_101;1007;C;G;1;76
A122_10_101;1041;C;T;1;94
A122_10_101;1046;C;T;1;81
A122_10_101;1067;C;T;1;55
A122_10_101;1137;C;T;1;30
A122_10_101;1178;A;G;1;56
A122_10_101;1385;C;T;1;64
A122_10_101;1411;C;T;1;45
A122_10_101;1485;G;A;2;64
A122_10_101;1523;C;A;1;79
A122_10_101;1695;C;T;2;33
A122_10_101;1805;A;C;1;65
A122_10_101;2036;C;T;1;61
A122_10_101;2060;C;T;1;110
A122_10_101;2073;G;A;1;111
A122_10_101;2093;C;T;1;91
A122_10_101;2124;C;T;1;64
A122_10_101;2139;C;T;1;55
A122_10_101;2195;G;A;1;33
A122_10_101;2223;G;A;1;75
A122_10_101;2301;C;T;1;51
A122_10_101;2341;G;A;1;42
A122_10_101;2360;C;T;1;39
A122_10_101;2387;C;T;1;54
A122_10_101;2663;C;T;4;52
A122_10_101;2983;G;T;1;93
A122_10_101;3034;G;A;1;60
A122_10_101;3293;T;A;1;72
A122_10_101;3378;A;G;1;65
A122_10_101;3392;T;C;1;58
A122_10_101;3740;A;C;1;86
A122_10_101;3862;T;C;1;89
A122_10_101;3989;G;A;1;270
A122_10_101;3994;C;T;1;264
A122_10_101;4000;A;G;1;270
A122_10_101;4053;T;C;1;426
A122_10_101;4064;T;C;1;415
A122_10_101;4071;G;T;1;338
A122_10_101;4077;C;T;1;386
A122_10_101;4096;G;A;1;300
A122_10_102;114;C;T;1;32
A122_10_102;134;G;A;1;30
A122_10_102;233;G;A;1;36
A122_10_102;241;C;T;1;60
A122_10_102;250;G;A;1;88
A122_10_102;255;G;A;2;95
A122_10_102;283;G;A;2;75
A122_10_102;333;G;A;18;33
A122_10_102;380;G;A;2;37
A122_10_102;405;A;G;1;44
A122_10_102;406;G;A;1;44
A122_10_102;407;G;A;1;52
A122_10_102;420;G;A;1;79
A122_10_102;423;C;T;10;77
A122_10_102;427;C;T;1;69
A122_10_102;431;C;T;2;65
A122_10_102;432;C;T;1;60
A122_10_102;434;C;T;2;61
A122_10_102;435;C;T;42;59
A122_10_102;453;C;T;14;42
A122_10_102;456;C;T;2;41
A122_10_102;462;C;T;5;37
A122_10_102;471;C;T;8;35
A122_10_102;474;C;T;1;33
A122_10_102;486;C;T;2;25
A122_10_102;489;C;T;6;36
A122_10_102;495;G;A;1;38
A122_10_102;508;C;T;1;27
A122_10_102;514;G;A;2;22
A122_10_102;522;C;T;1;23
A122_10_102;531;C;T;2;30
A122_10_102;534;C;T;8;39
A122_10_102;535;C;T;1;43
A122_10_102;538;C;T;2;53
A122_10_102;541;C;T;1;53
A122_10_102;547;C;T;10;51
A122_10_102;548;G;A;1;55
A122_10_102;558;C;T;2;86
A122_10_102;565;G;A;1;106
A122_10_102;573;T;A;1;97
A122_10_102;576;C;T;2;85
A122_10_102;579;C;T;24;67
A122_10_102;582;C;T;7;64
A122_10_102;585;C;T;4;65
A122_10_102;593;C;T;1;53
A122_10_102;594;C;T;1;51
A122_10_102;597;C;T;3;49
A122_10_102;604;C;T;1;35
A122_10_102;610;C;T;12;33
A122_10_102;616;C;T;1;32
A122_10_102;627;C;T;2;29
A122_10_102;630;C;T;1;27
A122_10_102;634;C;T;5;24
A122_10_102;642;C;T;1;24
A122_10_102;645;C;T;3;25
A122_10_102;648;C;T;4;21
A122_10_102;649;C;T;3;21
A122_10_102;663;C;T;6;18
A122_10_102;694;C;T;1;50
A122_10_102;697;C;T;4;51
A122_10_102;699;T;C;1;50
A122_10_102;702;C;T;3;57
A122_10_102;703;C;T;29;54
A122_10_102;707;C;T;1;61
A122_10_102;711;C;T;19;66
A122_10_102;729;C;T;2;56
A122_10_102;731;C;T;1;53
A122_10_102;733;C;T;4;49
A122_10_102;759;C;T;1;20
A122_10_102;766;C;T;2;17
A122_10_102;777;C;T;2;15
A122_10_102;801;C;T;1;19
A122_10_102;804;C;T;1;14
A122_10_102;807;C;T;5;13
A122_10_102;814;C;T;9;11
A122_10_102;825;C;T;2;9
A122_10_102;827;C;T;1;9
A122_10_102;840;C;T;11;22
A122_10_102;841;C;T;7;37
A122_10_102;850;C;T;1;56
A122_10_102;856;C;T;6;76
A122_10_102;858;G;A;1;70
A122_10_102;864;C;T;6;84
A122_10_102;865;C;T;6;85
A122_10_102;873;C;T;10;80
A122_10_102;877;C;T;5;77
A122_10_102;888;C;T;3;56
A122_10_102;892;C;T;4;50
A122_10_102;903;C;T;2;33
A122_10_102;916;C;T;3;27
A122_10_102;928;G;A;1;24
A122_10_102;931;C;T;1;23
A122_10_102;932;C;T;3;22
A122_10_102;936;C;T;1;21
A122_10_102;940;C;T;1;32
A122_10_102;943;C;T;5;40
A122_10_102;946;C;T;3;41
A122_10_102;963;C;T;1;30
A122_10_102;967;C;T;7;25
A122_10_102;975;C;T;3;31
A122_10_102;979;C;T;1;38
A122_10_102;990;C;T;8;54
A122_10_102;994;C;T;3;66
A122_10_102;998;C;T;4;59
A122_10_102;1005;C;T;8;80
A122_10_102;1008;C;T;2;83
A122_10_102;1011;C;T;32;81
A122_10_102;1014;C;T;2;95
A122_10_102;1017;C;T;41;94
A122_10_102;1023;C;T;23;87
A122_10_102;1029;C;T;11;74
A122_10_102;1035;C;T;2;57
A122_10_102;1041;C;T;5;46
A122_10_102;1047;C;T;2;40
A122_10_102;1048;T;C;1;37
A122_10_102;1050;C;T;10;34
A122_10_102;1051;C;T;2;36
A122_10_102;1067;C;T;5;30
A122_10_102;1069;C;T;1;30
A122_10_102;1098;C;T;2;19
A122_10_102;1101;C;T;4;17
A122_10_102;1104;C;T;4;17
A122_10_102;1107;C;T;3;16
A122_10_102;1117;C;T;3;12
A122_10_102;1126;C;T;1;9
A122_10_102;1168;C;T;1;81
A122_10_102;1174;C;T;1;72
A122_10_102;1182;C;T;6;59
A122_10_102;1191;G;T;1;52
A122_10_102;1197;C;T;6;47
A122_10_102;1208;C;T;1;35
A122_10_102;1243;C;T;3;18
A122_10_102;1251;C;T;4;26
A122_10_102;1258;C;T;9;22
A122_10_102;1260;C;T;1;24
A122_10_102;1261;G;A;4;24
A122_10_102;1263;C;T;2;29
A122_10_102;1276;G;A;1;22
A122_10_102;1283;C;T;2;35
A122_10_102;1284;G;A;1;36
A122_10_102;1287;C;T;3;45
A122_10_102;1290;C;T;2;46
A122_10_102;1302;G;A;1;58
A122_10_102;1311;C;T;6;74
A122_10_102;1314;C;T;3;83
A122_10_102;1317;C;T;15;96
A122_10_102;1319;C;T;6;105
A122_10_102;1327;C;T;1;85
A122_10_102;1331;C;T;5;81
A122_10_102;1332;G;A;3;75
A122_10_102;1337;C;T;1;73
A122_10_102;1356;C;T;1;50
A122_10_102;1365;C;T;2;47
A122_10_102;1385;C;T;1;38
A122_10_102;1393;C;T;1;33
A122_10_102;1394;C;T;6;33
A122_10_102;1399;C;T;9;26
A122_10_102;1408;C;T;1;20
A122_10_102;1422;C;T;1;10
A122_10_102;1456;C;T;3;50
A122_10_102;1460;C;T;7;58
A122_10_102;1483;A;G;1;62
A122_10_102;1484;C;T;2;65
A122_10_102;1493;C;T;1;56
A122_10_102;1495;C;T;4;56
A122_10_102;1497;C;T;2;55
A122_10_102;1512;C;T;2;35
A122_10_102;1523;C;T;1;32
A122_10_102;1534;C;T;1;30
A122_10_102;1539;C;T;5;22
A122_10_102;1554;C;T;3;13
A122_10_102;1555;G;A;1;11
A122_10_102;1560;C;T;2;11
A122_10_102;1579;C;T;1;16
A122_10_102;1605;C;T;9;17
A122_10_102;1612;C;T;1;24
A122_10_102;1626;C;T;18;43
A122_10_102;1628;C;T;1;47
A122_10_102;1629;C;T;8;44
A122_10_102;1631;C;T;2;44
A122_10_102;1639;C;T;9;34
A122_10_102;1647;C;T;3;32
A122_10_102;1659;C;T;2;21
A122_10_102;1665;C;T;3;20
A122_10_102;1671;C;T;5;18
A122_10_102;1672;C;T;2;18
A122_10_102;1699;C;T;2;35
A122_10_102;1702;C;T;4;40
A122_10_102;1707;C;T;1;39
A122_10_102;1717;C;T;15;33
A122_10_102;1720;C;T;4;33
A122_10_102;1729;C;T;2;52
A122_10_102;1730;C;T;1;51
A122_10_102;1736;G;A;1;49
A122_10_102;1745;C;A;1;61
A122_10_102;1753;C;T;2;75
A122_10_102;1756;C;T;1;91
A122_10_102;1757;C;T;4;92
A122_10_102;1761;C;T;1;108
A122_10_102;1765;C;T;17;93
A122_10_102;1770;C;T;1;108
A122_10_102;1771;C;T;4;118
A122_10_102;1778;C;T;1;125
A122_10_102;1779;C;T;19;117
A122_10_102;1780;C;T;6;119
A122_10_102;1784;C;T;1;109
A122_10_102;1785;C;T;2;105
A122_10_102;1793;C;T;10;74
A122_10_102;1801;C;T;33;49
A122_10_102;1802;C;T;43;50
A122_10_102;1806;C;T;1;53
A122_10_102;1827;C;T;2;42
A122_10_102;1831;C;T;1;42
A122_10_102;1857;C;T;5;50
A122_10_102;1860;C;T;1;49
A122_10_102;1863;C;T;1;51
A122_10_102;1888;C;T;3;30
A122_10_102;1890;C;T;5;33
A122_10_102;1898;C;T;2;32
A122_10_102;1914;C;T;9;62
A122_10_102;1921;C;T;6;61
A122_10_102;1925;C;T;20;76
A122_10_102;1936;C;T;13;55
A122_10_102;1937;C;T;1;53
A122_10_102;1955;C;T;4;31
A122_10_102;1956;C;T;5;31
A122_10_102;1958;G;A;1;29
A122_10_102;1969;C;T;9;20
A122_10_102;2002;C;T;1;19
A122_10_102;2010;C;T;1;16
A122_10_102;2036;C;T;1;57
A122_10_102;2046;C;T;1;70
A122_10_102;2050;C;T;3;82
A122_10_102;2060;C;T;1;113
A122_10_102;2062;C;T;4;112
A122_10_102;2065;C;T;4;127
A122_10_102;2066;C;T;2;126
A122_10_102;2072;C;T;4;135
A122_10_102;2074;C;T;2;137
A122_10_102;2101;C;T;30;51
A122_10_102;2127;C;T;22;36
A122_10_102;2137;C;T;2;33
A122_10_102;2139;C;T;8;33
A122_10_102;2145;C;T;9;29
A122_10_102;2154;C;T;1;28
A122_10_102;2167;C;T;2;21
A122_10_102;2209;C;T;2;34
A122_10_102;2220;C;T;1;75
A122_10_102;2222;C;T;3;86
A122_10_102;2231;C;T;5;88
A122_10_102;2233;C;T;3;88
A122_10_102;2244;C;T;5;71
A122_10_102;2254;C;T;1;50
A122_10_102;2257;C;T;2;51
A122_10_102;2259;C;T;3;50
A122_10_102;2265;C;T;1;41
A122_10_102;2272;C;T;1;40
A122_10_102;2274;C;T;1;40
A122_10_102;2279;C;T;4;40
A122_10_102;2281;C;T;10;40
A122_10_102;2303;C;T;1;36
A122_10_102;2306;C;T;6;35
A122_10_102;2310;C;T;1;33
A122_10_102;2320;C;T;1;27
A122_10_102;2323;C;T;4;22
A122_10_102;2327;C;T;1;19
A122_10_102;2355;C;T;1;18
A122_10_102;2370;C;T;2;34
A122_10_102;2387;C;T;4;39
A122_10_102;2391;C;T;1;33
A122_10_102;2401;C;T;4;28
A122_10_102;2408;C;T;2;26
A122_10_102;2412;C;T;18;22
A122_10_102;2448;C;T;1;18
A122_10_102;2465;C;T;1;19
A122_10_102;2467;C;T;2;17
A122_10_102;2476;C;T;5;21
A122_10_102;2507;C;T;3;37
A122_10_102;2511;C;T;2;54
A122_10_102;2514;C;T;9;70
A122_10_102;2526;C;T;6;91
A122_10_102;2528;C;T;1;103
A122_10_102;2540;C;T;1;81
A122_10_102;2543;T;C;1;72
A122_10_102;2563;C;T;1;41
A122_10_102;2570;C;T;2;38
A122_10_102;2574;C;T;1;36
A122_10_102;2594;C;T;2;29
A122_10_102;2596;C;T;1;27
A122_10_102;2654;C;T;1;53
A122_10_102;2662;C;T;2;57
A122_10_102;2663;C;T;5;69
A122_10_102;2681;C;T;2;100
A122_10_102;2690;C;T;8;84
A122_10_102;2693;G;A;1;79
A122_10_102;2696;C;T;1;71
A122_10_102;2697;C;T;1;68
A122_10_102;2704;C;T;2;62
A122_10_102;2721;C;T;1;48
A122_10_102;2731;C;T;1;43
A122_10_102;2740;G;A;1;38
A122_10_102;2749;C;T;1;29
A122_10_102;2760;C;T;3;24
A122_10_102;2769;C;T;4;22
A122_10_102;2812;C;T;1;25
A122_10_102;2817;C;T;5;36
A122_10_102;2819;C;T;1;39
A122_10_102;2834;C;T;5;68
A122_10_102;2881;C;T;2;37
A122_10_102;2890;C;T;3;32
A122_10_102;2899;C;T;2;28
A122_10_102;2928;C;T;1;13
A122_10_102;2939;C;T;1;10
A122_10_102;2978;C;T;10;90
A122_10_102;2991;C;T;1;81
A122_10_102;2995;G;A;1;69
A122_10_102;3006;C;T;5;54
A122_10_102;3028;C;T;10;40
A122_10_102;3105;C;T;10;45
A122_10_102;3143;G;A;1;44
A122_10_102;3151;C;T;1;32
A122_10_102;3377;C;T;1;57
A122_10_102;3395;C;T;1;64
A122_10_102;3411;C;T;4;56
A122_10_102;3515;C;T;2;30
A122_10_102;3550;G;A;1;76
A122_10_102;3687;C;T;1;64
A122_10_102;3726;C;T;2;49
A122_10_102;3736;G;A;1;44
A122_10_102;3776;C;T;1;20
A122_10_102;3819;C;T;1;33
A122_10_102;3825;C;T;1;85
A122_10_102;3885;C;T;1;86
A122_10_102;3916;C;T;3;51
A122_10_102;3938;C;T;1;41
A122_10_102;3958;C;T;1;42
A122_10_102;3974;G;A;1;178
A122_10_102;3976;T;C;1;196
A122_10_102;3981;C;T;4;257
A122_10_102;3982;C;T;1;252
A122_10_102;3985;C;T;1;260
A122_10_102;3988;C;T;1;267
A122_10_102;3991;C;T;1;267
A122_10_102;4022;C;T;1;447
A122_10_102;4025;C;T;3;479
A122_10_102;4041;C;T;1;475
A122_10_102;4044;C;T;2;475
A122_10_102;4074;C;T;7;358
A122_10_102;4087;G;A;1;298
A122_10_103;227;C;T;1;132
A122_10_103;233;G;A;3;152
A122_10_103;270;G;A;2;227
A122_10_103;322;G;A;1;100
A122_10_103;357;C;T;6;73
A122_10_103;418;C;T;1;139
A122_10_103;423;C;T;8;131
A122_10_103;426;C;T;10;144
A122_10_103;431;C;T;2;123
A122_10_103;434;C;T;1;113
A122_10_103;436;G;A;1;114
A122_10_103;438;T;C;1;111
A122_10_103;453;C;T;5;91
A122_10_103;462;C;T;7;89
A122_10_103;471;C;T;9;90
A122_10_103;475;G;A;1;89
A122_10_103;481;G;A;1;86
A122_10_103;486;C;T;5;76
A122_10_103;489;C;T;5;82
A122_10_103;495;G;A;1;92
A122_10_103;497;G;A;1;97
A122_10_103;502;G;A;1;105
A122_10_103;507;C;T;14;93
A122_10_103;508;C;T;3;103
A122_10_103;510;G;A;1;101
A122_10_103;514;G;A;5;95
A122_10_103;579;C;T;7;113
A122_10_103;581;G;C;1;106
A122_10_103;585;C;T;2;108
A122_10_103;593;C;T;1;115
A122_10_103;598;G;A;1;119
A122_10_103;600;C;T;1;112
A122_10_103;604;C;T;2;102
A122_10_103;610;C;T;10;115
A122_10_103;622;G;A;1;113
A122_10_103;627;C;T;8;111
A122_10_103;634;C;T;8;99
A122_10_103;641;C;T;1;90
A122_10_103;645;C;T;6;81
A122_10_103;648;C;T;7;90
A122_10_103;649;C;T;1;87
A122_10_103;653;T;C;1;93
A122_10_103;663;C;T;2;92
A122_10_103;665;G;A;1;89
A122_10_103;675;C;T;6;75
A122_10_103;676;C;T;1;71
A122_10_103;697;C;T;1;105
A122_10_103;702;C;T;1;129
A122_10_103;711;C;T;6;159
A122_10_103;721;G;A;1;162
A122_10_103;744;T;C;1;133
A122_10_103;748;G;A;11;114
A122_10_103;756;C;T;3;93
A122_10_103;762;C;T;1;93
A122_10_103;768;G;A;2;92
A122_10_103;773;G;A;2;91
A122_10_103;777;C;T;4;89
A122_10_103;792;C;T;2;87
A122_10_103;804;C;T;2;69
A122_10_103;807;C;T;3;70
A122_10_103;825;C;T;3;53
A122_10_103;826;C;T;1;52
A122_10_103;840;C;T;9;68
A122_10_103;841;C;T;1;71
A122_10_103;848;G;A;1;78
A122_10_103;856;C;T;3;105
A122_10_103;864;C;T;10;134
A122_10_103;865;C;T;1;135
A122_10_103;868;G;A;2;138
A122_10_103;873;C;T;15;167
A122_10_103;909;T;C;1;143
A122_10_103;920;G;A;1;149
A122_10_103;930;C;T;2;145
A122_10_103;967;C;T;4;118
A122_10_103;979;C;T;5;115
A122_10_103;990;C;T;6;121
A122_10_103;994;C;T;1;141
A122_10_103;1005;C;T;9;129
A122_10_103;1011;C;T;6;107
A122_10_103;1013;C;T;2;114
A122_10_103;1017;C;T;16;123
A122_10_103;1018;G;A;1;121
A122_10_103;1023;C;T;2;129
A122_10_103;1029;C;T;1;123
A122_10_103;1034;C;T;1;141
A122_10_103;1050;C;T;21;103
A122_10_103;1056;G;A;1;95
A122_10_103;1063;G;A;1;105
A122_10_103;1084;G;A;2;100
A122_10_103;1098;C;T;2;87
A122_10_103;1101;C;T;2;76
A122_10_103;1104;C;T;1;71
A122_10_103;1122;C;T;2;64
A122_10_103;1207;C;T;1;73
A122_10_103;1213;C;T;1;76
A122_10_103;1219;G;A;1;96
A122_10_103;1231;G;A;2;125
A122_10_103;1243;C;T;1;107
A122_10_103;1251;C;T;3;101
A122_10_103;1258;C;T;2;108
A122_10_103;1270;G;A;1;107
A122_10_103;1276;G;A;1;102
A122_10_103;1287;C;T;1;103
A122_10_103;1294;C;T;1;94
A122_10_103;1311;C;T;1;122
A122_10_103;1335;C;T;2;131
A122_10_103;1399;C;T;2;77
A122_10_103;1422;C;T;3;74
A122_10_103;1427;C;T;3;74
A122_10_103;1461;G;A;1;97
A122_10_103;1504;G;A;1;149
A122_10_103;1519;G;A;1;167
A122_10_103;1539;C;T;5;136
A122_10_103;1545;G;A;1;121
A122_10_103;1554;C;T;2;87
A122_10_103;1560;C;T;1;68
A122_10_103;1610;C;T;2;60
A122_10_103;1635;T;C;1;65
A122_10_103;1649;G;A;1;67
A122_10_103;1665;C;T;2;70
A122_10_103;1671;C;T;4;81
A122_10_103;1699;C;T;3;77
A122_10_103;1717;C;T;3;60
A122_10_103;1759;G;A;1;129
A122_10_103;1784;C;T;4;123
A122_10_103;1793;C;T;3;127
A122_10_103;1801;C;T;6;114
A122_10_103;1807;G;A;1;110
A122_10_103;1877;T;C;1;86
A122_10_103;1884;A;G;1;75
A122_10_103;1892;G;A;1;75
A122_10_103;1914;C;T;1;93
A122_10_103;1925;C;T;4;80
A122_10_103;1936;C;T;2;74
A122_10_103;1948;C;T;1;59
A122_10_103;1954;C;T;1;59
A122_10_103;1979;G;A;2;57
A122_10_103;1986;G;A;1;56
A122_10_103;1989;G;A;1;57
A122_10_103;1996;A;G;1;63
A122_10_103;2002;C;T;3;62
A122_10_103;2010;C;T;1;76
A122_10_103;2016;C;T;4;103
A122_10_103;2021;T;C;1;96
A122_10_103;2026;C;T;1;88
A122_10_103;2050;C;T;3;128
A122_10_103;2062;C;T;5;203
A122_10_103;2063;A;T;1;201
A122_10_103;2068;G;A;2;202
A122_10_103;2073;G;T;1;180
A122_10_103;2098;G;A;1;132
A122_10_103;2101;C;T;3;129
A122_10_103;2116;G;A;1;113
A122_10_103;2123;A;G;1;101
A122_10_103;2127;C;T;1;102
A122_10_103;2137;C;T;2;108
A122_10_103;2139;C;T;2;107
A122_10_103;2151;G;A;1;92
A122_10_103;2154;C;T;1;86
A122_10_103;2158;G;A;1;79
A122_10_103;2167;C;T;1;92
A122_10_103;2185;C;T;3;77
A122_10_103;2207;T;C;1;63
A122_10_103;2209;C;T;1;76
A122_10_103;2231;C;T;2;105
A122_10_103;2263;C;T;1;93
A122_10_103;2279;C;T;3;80
A122_10_103;2281;C;T;2;90
A122_10_103;2310;C;T;3;69
A122_10_103;2323;C;T;1;67
A122_10_103;2327;C;T;1;65
A122_10_103;2337;G;A;1;62
A122_10_103;2338;A;G;1;61
A122_10_103;2394;C;T;1;83
A122_10_103;2412;C;T;4;89
A122_10_103;2458;C;T;1;89
A122_10_103;2467;C;T;2;81
A122_10_103;2476;C;T;2;78
A122_10_103;2587;C;T;1;88
A122_10_103;2594;C;T;2;88
A122_10_103;2647;C;T;1;79
A122_10_103;2654;C;T;1;90
A122_10_103;2690;C;T;1;153
A122_10_103;2753;C;T;3;117
A122_10_103;2760;C;T;1;97
A122_10_103;2823;G;A;1;59
A122_10_103;2864;C;T;1;77
A122_10_103;2865;C;T;1;75
A122_10_103;2894;A;G;1;58
A122_10_103;2900;A;G;1;55
A122_10_103;2904;G;A;1;51
A122_10_103;2939;C;T;2;55
A122_10_103;2978;C;T;4;125
A122_10_103;3006;C;T;2;147
A122_10_103;3028;C;T;4;124
A122_10_103;3071;C;T;1;93
A122_10_103;3084;G;A;1;83
A122_10_103;3105;C;T;1;85
A122_10_103;3139;T;C;1;89
A122_10_103;3150;C;T;1;79
A122_10_103;3187;G;A;1;58
A122_10_103;3272;C;T;2;93
A122_10_103;3274;C;T;1;110
A122_10_103;3282;C;T;1;106
A122_10_103;3314;C;T;1;81
A122_10_103;3358;A;C;1;37
A122_10_103;3369;G;A;1;39
A122_10_103;3432;T;C;1;55
A122_10_103;3694;G;A;1;88
A122_10_103;3718;A;G;1;83
A122_10_103;3721;G;A;1;80
A122_10_103;3927;C;T;1;137
A122_10_103;3931;C;T;1;139
A122_10_103;3970;C;T;1;204
A122_10_103;4026;G;A;1;410
A122_10_103;4104;G;C;1;284
A122_10_104;982;G;A;1;28
A122_10_104;1280;C;T;1;23
A122_10_104;4013;T;A;1;408
A122_10_104;4013;T;A;1;408
A122_10_104;4039;T;C;1;540
A122_10_104;4053;T;A;1;522
A122_10_104;4059;G;A;1;516
A122_10_104;4078;G;A;1;446
A122_10_104;4086;T;C;1;389
A122_10_109;147;T;G;1;40
A122_10_109;242;G;A;2;51
A122_10_109;361;T;C;1;18
A122_10_109;586;G;A;1;54
A122_10_109;814;C;T;1;14
A122_10_109;921;A;G;1;46
A122_10_109;2191;A;G;1;20
A122_10_109;2548;A;G;1;40
A122_10_109;2738;C;A;1;69
A122_10_109;2898;T;C;1;29
A122_10_109;3862;T;C;1;99
A122_10_109;3940;G;T;1;36
A122_10_109;3949;C;T;1;33
A122_10_109;4025;C;T;1;405
A122_10_109;4029;C;T;1;445
A122_10_109;4067;C;T;1;375
A122_10_110;244;G;A;1;90
A122_10_110;579;C;T;1;61
A122_10_110;893;G;A;1;52
A122_10_110;1491;A;G;1;52
A122_10_110;1528;G;A;1;55
A122_10_110;1534;C;T;1;54
A122_10_110;1813;C;T;1;53
A122_10_110;2108;G;A;1;52
A122_10_110;2132;T;C;1;51
A122_10_110;2203;A;G;1;29
A122_10_110;2272;C;T;1;63
A122_10_110;2374;A;G;1;32
A122_10_110;2434;G;A;1;21
A122_10_110;2626;G;A;1;43
A122_10_110;2651;G;A;1;86
A122_10_110;2665;G;A;1;114
A122_10_110;2669;G;A;1;120
A122_10_110;2689;T;C;1;124
A122_10_110;2726;C;T;1;94
A122_10_110;2893;A;G;1;33
A122_10_110;3017;C;T;1;77
A122_10_110;3018;C;T;1;75
A122_10_110;4060;C;T;1;554
A122_10_110;4066;G;A;1;513
A122_10_110;4080;G;A;1;481
A122_10_110;4081;A;G;1;479
A122_10_111;233;G;A;2;55
A122_10_111;241;C;T;1;67
A122_10_111;322;G;A;1;58
A122_10_111;333;G;A;1;54
A122_10_111;380;G;A;1;37
A122_10_111;478;G;A;1;36
A122_10_111;537;G;A;1;51
A122_10_111;787;G;A;1;36
A122_10_111;969;G;A;1;52
A122_10_111;1198;G;A;1;28
A122_10_111;1209;G;A;1;26
A122_10_111;1287;C;T;1;46
A122_10_111;1372;G;A;1;36
A122_10_111;1376;A;G;1;34
A122_10_111;1395;G;A;1;26
A122_10_111;1396;G;A;1;25
A122_10_111;1453;G;A;1;46
A122_10_111;1477;G;A;1;40
A122_10_111;1519;G;A;1;28
A122_10_111;1545;G;A;1;20
A122_10_111;1555;G;A;1;12
A122_10_111;1583;G;A;1;9
A122_10_111;1773;G;A;1;70
A122_10_111;1791;G;A;1;52
A122_10_111;1803;G;A;1;38
A122_10_111;1958;G;A;4;23
A122_10_111;1995;G;A;1;19
A122_10_111;2059;G;A;2;85
A122_10_111;2076;G;A;1;72
A122_10_111;2079;G;A;1;68
A122_10_111;2089;G;A;2;52
A122_10_111;2173;G;A;1;22
A122_10_111;2337;G;A;1;13
A122_10_111;2387;C;T;1;16
A122_10_111;2421;G;A;1;26
A122_10_111;2454;G;A;1;14
A122_10_111;2473;G;A;1;6
A122_10_111;2521;G;A;1;61
A122_10_111;2529;G;A;1;63
A122_10_111;2616;G;A;1;23
A122_10_111;2626;G;A;1;33
A122_10_111;2651;G;A;1;60
A122_10_111;2655;G;A;1;59
A122_10_111;2672;G;A;1;81
A122_10_111;2725;G;A;1;63
A122_10_111;2740;G;A;1;59
A122_10_111;2800;G;A;1;23
A122_10_111;2812;C;T;1;27
A122_10_111;2986;C;T;1;66
A122_10_111;3205;G;A;1;26
A122_10_111;3209;G;A;1;31
A122_10_111;3785;C;T;1;69
A122_10_111;3871;G;A;1;79
A122_10_111;3928;G;A;1;34
A122_10_111;3987;G;A;1;191
A122_10_111;4040;T;C;1;562
A122_10_111;4065;G;A;1;486
A122_10_112;134;G;A;1;63
A122_10_112;156;G;A;3;122
A122_10_112;184;C;T;1;119
A122_10_112;233;G;A;7;116
A122_10_112;241;C;T;1;132
A122_10_112;255;G;A;3;169
A122_10_112;283;G;A;3;107
A122_10_112;289;G;A;1;84
A122_10_112;303;C;T;1;112
A122_10_112;322;G;A;2;114
A122_10_112;357;C;T;3;78
A122_10_112;380;G;A;1;67
A122_10_112;437;G;A;1;71
A122_10_112;440;G;A;1;71
A122_10_112;475;G;A;2;123
A122_10_112;482;T;C;1;121
A122_10_112;489;C;T;1;108
A122_10_112;562;G;A;1;119
A122_10_112;583;G;A;1;115
A122_10_112;604;C;A;1;106
A122_10_112;611;A;G;1;124
A122_10_112;705;G;A;3;101
A122_10_112;732;G;A;1;95
A122_10_112;808;G;A;2;52
A122_10_112;825;C;T;1;39
A122_10_112;832;G;A;1;36
A122_10_112;873;C;T;1;107
A122_10_112;910;G;A;1;98
A122_10_112;913;C;T;1;97
A122_10_112;918;G;A;2;95
A122_10_112;920;G;A;1;93
A122_10_112;996;G;A;1;143
A122_10_112;1032;G;A;1;125
A122_10_112;1048;T;C;1;99
A122_10_112;1063;G;A;2;100
A122_10_112;1084;G;A;2;91
A122_10_112;1098;C;T;1;83
A122_10_112;1112;G;A;1;68
A122_10_112;1183;G;A;3;104
A122_10_112;1186;G;A;1;97
A122_10_112;1199;G;A;1;89
A122_10_112;1207;C;T;3;122
A122_10_112;1209;G;A;1;126
A122_10_112;1219;G;A;10;138
A122_10_112;1225;G;A;3;134
A122_10_112;1231;G;A;1;130
A122_10_112;1264;G;A;4;110
A122_10_112;1265;A;T;1;105
A122_10_112;1270;G;A;3;124
A122_10_112;1281;G;A;2;123
A122_10_112;1296;G;A;1;100
A122_10_112;1302;G;A;1;88
A122_10_112;1338;G;A;1;92
A122_10_112;1344;G;A;1;90
A122_10_112;1359;G;A;1;105
A122_10_112;1396;G;A;5;97
A122_10_112;1399;C;T;1;84
A122_10_112;1435;C;T;1;105
A122_10_112;1437;G;A;1;98
A122_10_112;1438;G;A;2;105
A122_10_112;1453;G;A;1;103
A122_10_112;1457;G;A;1;107
A122_10_112;1461;G;A;2;111
A122_10_112;1477;G;A;1;106
A122_10_112;1500;G;A;1;108
A122_10_112;1501;G;A;4;108
A122_10_112;1513;G;A;5;121
A122_10_112;1519;G;A;4;122
A122_10_112;1528;G;A;1;124
A122_10_112;1539;C;T;3;118
A122_10_112;1540;G;A;1;110
A122_10_112;1545;G;A;3;102
A122_10_112;1555;G;A;1;77
A122_10_112;1564;G;A;1;60
A122_10_112;1567;G;A;1;56
A122_10_112;1594;G;A;4;44
A122_10_112;1633;G;A;5;78
A122_10_112;1641;G;A;1;64
A122_10_112;1665;C;T;2;69
A122_10_112;1684;G;A;3;67
A122_10_112;1717;C;T;1;63
A122_10_112;1731;G;A;2;78
A122_10_112;1736;G;A;1;81
A122_10_112;1759;G;A;5;113
A122_10_112;1773;G;A;2;124
A122_10_112;1783;T;C;1;139
A122_10_112;1798;G;A;1;105
A122_10_112;1801;C;T;2;97
A122_10_112;1803;G;A;11;96
A122_10_112;1807;G;A;3;83
A122_10_112;1834;G;A;6;82
A122_10_112;1842;G;A;1;81
A122_10_112;1857;C;T;1;104
A122_10_112;1870;G;A;1;89
A122_10_112;1873;G;A;1;84
A122_10_112;1892;G;A;2;82
A122_10_112;1914;C;T;1;95
A122_10_112;1925;C;T;1;91
A122_10_112;1941;C;T;1;72
A122_10_112;1958;G;A;2;42
A122_10_112;1979;G;A;2;59
A122_10_112;1986;G;A;2;59
A122_10_112;1995;G;A;2;56
A122_10_112;2010;C;T;2;81
A122_10_112;2068;G;A;4;135
A122_10_112;2077;G;A;1;163
A122_10_112;2079;G;A;7;146
A122_10_112;2095;G;A;3;117
A122_10_112;2098;G;A;1;109
A122_10_112;2101;C;T;1;102
A122_10_112;2114;G;A;1;98
A122_10_112;2119;G;A;1;92
A122_10_112;2128;G;A;3;96
A122_10_112;2134;G;A;4;95
A122_10_112;2137;C;T;2;95
A122_10_112;2139;C;T;2;92
A122_10_112;2151;G;A;2;79
A122_10_112;2160;G;A;1;82
A122_10_112;2173;G;A;3;69
A122_10_112;2176;G;A;1;63
A122_10_112;2190;G;A;1;62
A122_10_112;2193;G;A;1;60
A122_10_112;2231;C;T;1;105
A122_10_112;2239;G;A;3;99
A122_10_112;2279;C;T;2;95
A122_10_112;2281;C;T;3;94
A122_10_112;2283;G;A;5;93
A122_10_112;2296;G;A;4;86
A122_10_112;2310;C;T;1;77
A122_10_112;2314;G;A;1;73
A122_10_112;2329;G;A;4;87
A122_10_112;2337;G;A;1;78
A122_10_112;2345;G;A;2;66
A122_10_112;2347;G;A;2;66
A122_10_112;2373;G;A;1;87
A122_10_112;2377;G;A;2;82
A122_10_112;2401;C;T;2;114
A122_10_112;2403;G;A;2;111
A122_10_112;2409;G;A;5;99
A122_10_112;2413;G;A;1;84
A122_10_112;2414;G;A;7;92
A122_10_112;2421;G;A;8;103
A122_10_112;2425;G;A;1;95
A122_10_112;2452;G;A;1;75
A122_10_112;2453;G;A;1;70
A122_10_112;2455;G;A;2;69
A122_10_112;2473;G;A;1;64
A122_10_112;2476;C;T;3;72
A122_10_112;2482;G;A;2;84
A122_10_112;2488;G;A;1;80
A122_10_112;2493;G;A;3;85
A122_10_112;2497;G;A;1;81
A122_10_112;2512;G;A;2;96
A122_10_112;2515;G;A;1;107
A122_10_112;2519;G;A;2;125
A122_10_112;2521;G;A;1;118
A122_10_112;2529;G;A;3;141
A122_10_112;2575;G;A;4;104
A122_10_112;2587;C;T;2;97
A122_10_112;2594;C;T;3;92
A122_10_112;2611;G;A;5;100
A122_10_112;2615;G;A;1;93
A122_10_112;2616;G;A;16;95
A122_10_112;2619;G;A;2;88
A122_10_112;2620;G;A;10;91
A122_10_112;2626;G;A;12;95
A122_10_112;2654;C;T;1;145
A122_10_112;2665;G;A;1;156
A122_10_112;2683;G;A;7;169
A122_10_112;2690;C;T;1;171
A122_10_112;2692;G;A;1;166
A122_10_112;2693;G;A;6;162
A122_10_112;2701;G;A;2;153
A122_10_112;2705;G;A;1;151
A122_10_112;2712;G;A;1;154
A122_10_112;2716;G;A;1;141
A122_10_112;2721;C;T;6;137
A122_10_112;2724;T;A;1;141
A122_10_112;2732;T;C;1;147
A122_10_112;2740;G;A;2;142
A122_10_112;2760;C;T;3;105
A122_10_112;2769;C;T;9;96
A122_10_112;2775;G;A;1;96
A122_10_112;2780;G;A;1;93
A122_10_112;2781;G;A;2;91
A122_10_112;2783;G;A;2;103
A122_10_112;2792;C;T;1;96
A122_10_112;2796;G;A;1;88
A122_10_112;2797;G;A;6;88
A122_10_112;2800;G;A;2;84
A122_10_112;2804;G;A;4;80
A122_10_112;2810;G;A;5;70
A122_10_112;2812;C;T;1;67
A122_10_112;2814;G;A;8;66
A122_10_112;2817;C;T;3;75
A122_10_112;2821;G;A;13;85
A122_10_112;2823;G;A;15;88
A122_10_112;2838;G;A;9;100
A122_10_112;2904;G;A;4;57
A122_10_112;2922;T;C;1;69
A122_10_112;2952;C;T;1;96
A122_10_112;2978;C;T;1;145
A122_10_112;3102;T;C;1;69
A122_10_112;3161;C;G;1;44
A122_10_112;3191;G;A;1;55
A122_10_112;3272;C;T;1;81
A122_10_112;3274;C;T;1;89
A122_10_112;3574;G;A;1;83
A122_10_112;3697;G;A;1;46
A122_10_112;3732;G;A;1;123
A122_10_112;3845;T;C;1;169
A122_10_112;3846;A;G;1;170
A122_10_112;3861;C;-T;1;150
A122_10_112;3862;T;C;1;149
A122_10_112;3875;A;G;1;105
A122_10_112;3931;C;T;1;75
A122_10_112;3956;T;C;1;68
A122_10_112;4006;G;T;1;352
A122_10_112;4039;T;C;1;579
A122_10_112;4059;G;T;1;649
A122_10_112;4072;C;T;1;550
A122_10_112;4090;C;A;1;517
A122_10_112;4093;C;T;1;509
A122_10_112;4108;G;A;1;416
A122_10_113;80;A;G;1;12
A122_10_113;255;G;A;1;122
A122_10_113;552;T;C;1;60
A122_10_113;581;G;A;1;60
A122_10_113;618;G;A;1;43
A122_10_113;662;T;C;1;52
A122_10_113;1280;C;T;1;77
A122_10_113;1301;T;C;1;70
A122_10_113;1391;A;G;1;54
A122_10_113;1406;A;G;1;32
A122_10_113;1597;T;C;1;17
A122_10_113;1764;T;C;1;77
A122_10_113;1776;T;C;1;84
A122_10_113;1880;A;G;1;52
A122_10_113;1883;A;T;1;48
A122_10_113;1901;T;C;1;40
A122_10_113;1976;A;G;1;26
A122_10_113;1999;A;G;1;29
A122_10_113;2024;T;C;1;59
A122_10_113;2041;T;C;1;82
A122_10_113;2060;C;T;1;97
A122_10_113;2395;T;C;1;62
A122_10_113;2397;A;G;1;67
A122_10_113;2443;C;T;1;52
A122_10_113;2670;C;T;1;80
A122_10_113;2718;T;C;1;64
A122_10_113;2719;A;G;1;60
A122_10_113;2811;A;G;1;35
A122_10_113;2819;C;A;1;42
A122_10_113;2913;G;A;1;21
A122_10_113;2971;T;C;1;82
A122_10_113;3053;C;A;1;49
A122_10_113;3725;T;C;1;69
A122_10_113;3775;C;T;1;103
A122_10_113;4015;G;A;1;378
A122_10_113;4031;G;T;1;422
A122_10_113;4033;T;C;1;420
A122_10_113;4068;G;A;1;400
A122_10_114;74;C;T;1;17
A122_10_114;80;A;G;2;25
A122_10_114;134;G;A;1;69
A122_10_114;139;A;G;1;73
A122_10_114;144;C;T;1;93
A122_10_114;146;C;A;1;101
A122_10_114;150;C;T;1;106
A122_10_114;152;C;T;1;103
A122_10_114;156;G;A;3;127
A122_10_114;173;C;T;1;144
A122_10_114;177;C;T;1;147
A122_10_114;192;G;T;1;132
A122_10_114;202;G;A;1;125
A122_10_114;210;T;C;1;131
A122_10_114;226;G;A;1;135
A122_10_114;232;C;T;1;150
A122_10_114;233;G;A;5;141
A122_10_114;238;G;A;1;147
A122_10_114;243;G;A;2;164
A122_10_114;245;C;T;1;176
A122_10_114;249;G;A;1;185
A122_10_114;270;G;A;1;203
A122_10_114;278;C;T;1;195
A122_10_114;283;G;A;2;182
A122_10_114;345;G;A;1;97
A122_10_114;357;C;T;3;102
A122_10_114;384;C;T;1;116
A122_10_114;436;G;A;2;95
A122_10_114;437;G;A;1;96
A122_10_114;447;G;A;1;96
A122_10_114;475;G;A;1;129
A122_10_114;537;G;A;3;137
A122_10_114;543;G;A;2;152
A122_10_114;547;C;T;1;150
A122_10_114;548;G;A;1;145
A122_10_114;552;T;C;1;134
A122_10_114;565;G;A;2;136
A122_10_114;577;T;C;1;151
A122_10_114;582;C;T;1;130
A122_10_114;597;C;T;1;103
A122_10_114;604;C;T;1;95
A122_10_114;612;G;A;1;113
A122_10_114;650;G;A;1;119
A122_10_114;651;G;A;1;114
A122_10_114;653;T;C;1;121
A122_10_114;694;C;T;2;119
A122_10_114;704;G;A;1;125
A122_10_114;705;G;A;3;134
A122_10_114;710;T;A;1;136
A122_10_114;713;G;A;4;131
A122_10_114;716;G;A;3;132
A122_10_114;717;G;A;2;136
A122_10_114;718;G;A;1;129
A122_10_114;726;T;C;1;131
A122_10_114;748;G;A;2;116
A122_10_114;768;G;A;1;108
A122_10_114;770;G;A;4;108
A122_10_114;773;G;A;2;108
A122_10_114;781;G;A;5;105
A122_10_114;801;C;T;1;84
A122_10_114;808;G;A;1;97
A122_10_114;840;C;T;1;58
A122_10_114;842;G;A;1;64
A122_10_114;844;G;A;1;60
A122_10_114;866;G;A;3;85
A122_10_114;875;G;A;1;128
A122_10_114;878;G;A;4;135
A122_10_114;899;G;A;1;144
A122_10_114;910;G;A;2;134
A122_10_114;917;G;A;2;127
A122_10_114;918;G;A;5;134
A122_10_114;920;G;A;3;143
A122_10_114;924;G;A;2;141
A122_10_114;931;C;T;1;138
A122_10_114;937;G;A;1;139
A122_10_114;941;G;A;1;137
A122_10_114;947;G;A;1;139
A122_10_114;995;G;A;1;114
A122_10_114;996;G;A;1;109
A122_10_114;1014;C;T;1;104
A122_10_114;1018;G;A;2;109
A122_10_114;1036;G;A;1;115
A122_10_114;1049;T;C;1;97
A122_10_114;1051;C;T;1;95
A122_10_114;1056;G;A;1;94
A122_10_114;1063;G;A;1;99
A122_10_114;1068;G;A;1;96
A122_10_114;1101;C;T;1;59
A122_10_114;1122;C;T;1;81
A122_10_114;1183;G;A;7;104
A122_10_114;1186;G;A;3;102
A122_10_114;1218;G;A;7;119
A122_10_114;1219;G;A;12;119
A122_10_114;1225;G;A;5;128
A122_10_114;1231;G;A;2;134
A122_10_114;1232;A;G;1;133
A122_10_114;1251;C;T;1;109
A122_10_114;1262;G;A;1;124
A122_10_114;1264;G;A;7;120
A122_10_114;1270;G;A;7;118
A122_10_114;1276;G;A;2;129
A122_10_114;1281;G;A;1;133
A122_10_114;1284;G;A;2;131
A122_10_114;1289;G;A;1;125
A122_10_114;1296;G;A;1;117
A122_10_114;1302;G;A;2;109
A122_10_114;1312;T;A;1;102
A122_10_114;1321;G;A;1;107
A122_10_114;1329;G;A;1;103
A122_10_114;1332;G;A;1;110
A122_10_114;1344;G;A;3;108
A122_10_114;1350;G;A;2;108
A122_10_114;1353;G;A;1;103
A122_10_114;1365;C;T;1;106
A122_10_114;1394;C;T;1;93
A122_10_114;1395;G;A;3;89
A122_10_114;1396;G;A;2;84
A122_10_114;1414;G;A;1;72
A122_10_114;1422;C;T;1;87
A122_10_114;1438;G;A;1;97
A122_10_114;1452;G;A;5;107
A122_10_114;1453;G;A;1;105
A122_10_114;1461;G;A;2;113
A122_10_114;1474;G;A;1;92
A122_10_114;1477;G;A;3;94
A122_10_114;1480;G;A;1;103
A122_10_114;1486;T;C;1;106
A122_10_114;1488;T;C;1;102
A122_10_114;1496;G;A;1;104
A122_10_114;1498;G;A;1;114
A122_10_114;1500;G;A;8;128
A122_10_114;1501;G;A;5;128
A122_10_114;1506;G;A;5;118
A122_10_114;1512;C;T;1;127
A122_10_114;1513;G;A;9;138
A122_10_114;1516;G;A;1;146
A122_10_114;1519;G;A;3;145
A122_10_114;1527;G;A;1;140
A122_10_114;1528;G;A;1;136
A122_10_114;1539;C;T;1;133
A122_10_114;1540;G;A;3;128
A122_10_114;1545;G;A;3;112
A122_10_114;1564;G;A;4;60
A122_10_114;1567;G;A;3;56
A122_10_114;1570;G;A;1;54
A122_10_114;1571;G;A;1;54
A122_10_114;1582;G;A;4;61
A122_10_114;1594;G;A;2;49
A122_10_114;1632;G;A;3;70
A122_10_114;1633;G;A;7;69
A122_10_114;1635;T;C;1;64
A122_10_114;1641;G;A;2;64
A122_10_114;1671;C;T;1;78
A122_10_114;1683;G;A;1;89
A122_10_114;1684;G;A;8;89
A122_10_114;1687;G;A;4;87
A122_10_114;1699;C;T;1;92
A122_10_114;1708;G;A;4;95
A122_10_114;1720;C;T;1;92
A122_10_114;1731;G;A;2;106
A122_10_114;1735;G;A;1;109
A122_10_114;1738;G;A;1;110
A122_10_114;1742;G;A;1;111
A122_10_114;1758;G;A;3;143
A122_10_114;1759;G;A;3;144
A122_10_114;1765;C;T;1;142
A122_10_114;1771;C;T;2;146
A122_10_114;1773;G;A;4;151
A122_10_114;1779;C;T;2;156
A122_10_114;1793;C;T;3;156
A122_10_114;1798;G;A;6;140
A122_10_114;1801;C;T;4;128
A122_10_114;1803;G;A;15;130
A122_10_114;1807;G;A;4;117
A122_10_114;1816;G;A;1;118
A122_10_114;1823;T;C;1;109
A122_10_114;1833;G;A;2;104
A122_10_114;1834;G;A;3;103
A122_10_114;1839;T;C;1;101
A122_10_114;1842;G;A;2;95
A122_10_114;1852;G;A;1;89
A122_10_114;1857;C;T;1;82
A122_10_114;1864;G;A;1;83
A122_10_114;1870;G;A;2;81
A122_10_114;1874;A;G;1;72
A122_10_114;1887;A;G;1;67
A122_10_114;1892;G;A;2;75
A122_10_114;1914;C;T;4;95
A122_10_114;1925;C;T;1;85
A122_10_114;1936;C;T;1;94
A122_10_114;1938;G;A;1;103
A122_10_114;1955;C;T;2;87
A122_10_114;1956;C;T;8;83
A122_10_114;1958;G;A;5;79
A122_10_114;1976;A;G;1;67
A122_10_114;1979;G;A;2;84
A122_10_114;1985;G;A;1;77
A122_10_114;1986;G;A;1;77
A122_10_114;1989;G;A;2;77
A122_10_114;1995;G;A;4;75
A122_10_114;2005;C;T;1;70
A122_10_114;2016;C;T;1;104
A122_10_114;2026;C;T;2;79
A122_10_114;2027;C;T;1;78
A122_10_114;2051;C;T;1;112
A122_10_114;2065;C;T;1;164
A122_10_114;2066;C;T;1;169
A122_10_114;2068;G;A;6;159
A122_10_114;2076;G;A;1;132
A122_10_114;2079;G;A;9;135
A122_10_114;2089;G;A;1;117
A122_10_114;2093;C;T;1;120
A122_10_114;2095;G;A;2;117
A122_10_114;2098;G;A;2;112
A122_10_114;2106;G;A;1;108
A122_10_114;2107;G;A;3;105
A122_10_114;2110;G;A;1;124
A122_10_114;2114;G;A;1;124
A122_10_114;2118;G;A;4;115
A122_10_114;2119;G;A;6;108
A122_10_114;2128;G;A;3;111
A122_10_114;2132;T;C;1;114
A122_10_114;2133;G;A;6;113
A122_10_114;2134;G;A;9;114
A122_10_114;2139;C;T;4;108
A122_10_114;2144;G;A;1;104
A122_10_114;2160;G;A;1;80
A122_10_114;2170;C;T;1;84
A122_10_114;2173;G;A;3;81
A122_10_114;2185;C;T;1;99
A122_10_114;2186;C;T;2;98
A122_10_114;2190;G;A;2;101
A122_10_114;2193;G;A;3;100
A122_10_114;2211;G;A;1;113
A122_10_114;2223;G;A;1;123
A122_10_114;2235;T;C;1;113
A122_10_114;2245;G;A;1;105
A122_10_114;2246;G;A;2;114
A122_10_114;2251;G;A;1;111
A122_10_114;2253;G;A;1;112
A122_10_114;2260;G;A;2;118
A122_10_114;2264;G;A;1;130
A122_10_114;2281;C;T;1;112
A122_10_114;2283;G;A;6;107
A122_10_114;2292;G;A;2;101
A122_10_114;2296;G;A;8;102
A122_10_114;2314;G;A;3;87
A122_10_114;2320;C;T;2;82
A122_10_114;2329;G;A;2;88
A122_10_114;2333;G;A;1;102
A122_10_114;2337;G;A;1;106
A122_10_114;2345;G;A;4;87
A122_10_114;2347;G;A;2;84
A122_10_114;2362;G;A;1;95
A122_10_114;2363;C;T;1;95
A122_10_114;2367;A;G;1;110
A122_10_114;2370;C;T;2;109
A122_10_114;2373;G;A;2;109
A122_10_114;2377;G;A;5;101
A122_10_114;2388;G;A;1;113
A122_10_114;2391;C;T;2;128
A122_10_114;2403;G;A;3;139
A122_10_114;2409;G;A;6;127
A122_10_114;2412;C;T;1;129
A122_10_114;2413;G;A;9;124
A122_10_114;2414;G;A;6;128
A122_10_114;2416;G;A;4;129
A122_10_114;2417;G;A;7;139
A122_10_114;2421;G;A;16;128
A122_10_114;2424;G;A;2;115
A122_10_114;2425;G;A;2;115
A122_10_114;2427;G;A;2;117
A122_10_114;2451;G;A;1;98
A122_10_114;2452;G;A;9;93
A122_10_114;2453;G;A;5;92
A122_10_114;2454;G;A;7;92
A122_10_114;2455;G;A;6;91
A122_10_114;2458;C;T;3;94
A122_10_114;2473;G;A;6;78
A122_10_114;2476;C;T;2;83
A122_10_114;2480;G;A;3;95
A122_10_114;2481;G;A;2;91
A122_10_114;2482;G;A;4;89
A122_10_114;2487;G;A;1;100
A122_10_114;2488;G;A;1;100
A122_10_114;2490;G;A;8;100
A122_10_114;2493;G;A;4;90
A122_10_114;2497;G;A;1;92
A122_10_114;2507;C;T;1;83
A122_10_114;2512;G;A;2;86
A122_10_114;2521;G;A;1;98
A122_10_114;2526;C;T;1;122
A122_10_114;2529;G;A;3;120
A122_10_114;2534;C;T;1;130
A122_10_114;2539;G;A;2;133
A122_10_114;2545;G;A;1;132
A122_10_114;2572;G;A;2;114
A122_10_114;2575;G;A;5;120
A122_10_114;2586;T;C;1;97
A122_10_114;2587;C;T;4;97
A122_10_114;2592;T;C;1;92
A122_10_114;2596;C;T;1;89
A122_10_114;2597;G;A;2;89
A122_10_114;2611;G;A;9;68
A122_10_114;2615;G;A;1;67
A122_10_114;2616;G;A;9;74
A122_10_114;2619;G;A;1;72
A122_10_114;2620;G;A;7;75
A122_10_114;2622;G;A;1;76
A122_10_114;2625;G;A;6;80
A122_10_114;2626;G;A;10;78
A122_10_114;2628;T;C;1;84
A122_10_114;2638;G;A;1;99
A122_10_114;2639;G;A;2;95
A122_10_114;2654;C;T;1;100
A122_10_114;2655;G;A;1;99
A122_10_114;2656;G;A;1;98
A122_10_114;2662;C;T;1;100
A122_10_114;2663;C;T;1;104
A122_10_114;2664;G;A;2;108
A122_10_114;2668;G;A;6;122
A122_10_114;2669;G;A;2;135
A122_10_114;2672;G;A;4;139
A122_10_114;2677;A;G;2;142
A122_10_114;2683;G;A;5;154
A122_10_114;2692;G;A;2;165
A122_10_114;2693;G;A;5;166
A122_10_114;2698;G;A;4;164
A122_10_114;2700;T;C;1;166
A122_10_114;2701;G;A;7;168
A122_10_114;2707;G;A;5;183
A122_10_114;2708;G;A;9;188
A122_10_114;2711;C;T;1;208
A122_10_114;2716;G;A;3;188
A122_10_114;2719;A;G;3;172
A122_10_114;2721;C;T;10;167
A122_10_114;2725;G;A;3;167
A122_10_114;2728;G;A;1;174
A122_10_114;2733;G;A;2;166
A122_10_114;2734;G;A;5;160
A122_10_114;2735;G;A;4;153
A122_10_114;2737;C;T;1;155
A122_10_114;2740;G;A;8;144
A122_10_114;2743;G;A;2;151
A122_10_114;2751;C;T;1;129
A122_10_114;2753;C;T;1;120
A122_10_114;2754;C;T;3;113
A122_10_114;2755;C;T;3;112
A122_10_114;2757;T;C;1;108
A122_10_114;2760;C;T;4;102
A122_10_114;2763;A;G;2;101
A122_10_114;2767;A;G;1;98
A122_10_114;2769;C;T;3;104
A122_10_114;2771;A;G;1;106
A122_10_114;2774;C;T;1;113
A122_10_114;2775;G;A;4;111
A122_10_114;2778;G;A;1;117
A122_10_114;2779;G;A;2;118
A122_10_114;2780;G;A;2;117
A122_10_114;2781;G;A;8;109
A122_10_114;2787;G;A;4;123
A122_10_114;2788;G;A;2;123
A122_10_114;2796;G;A;4;104
A122_10_114;2797;G;A;8;100
A122_10_114;2800;G;A;4;97
A122_10_114;2804;G;A;4;94
A122_10_114;2810;G;A;5;77
A122_10_114;2814;G;A;11;76
A122_10_114;2817;C;T;4;75
A122_10_114;2818;G;A;1;80
A122_10_114;2821;G;A;9;77
A122_10_114;2823;G;A;7;74
A122_10_114;2827;G;A;1;76
A122_10_114;2838;G;A;3;82
A122_10_114;2840;T;C;1;85
A122_10_114;2849;G;A;3;94
A122_10_114;2855;C;T;1;96
A122_10_114;2891;G;A;1;90
A122_10_114;2904;G;A;10;84
A122_10_114;2939;C;T;1;139
A122_10_114;2957;A;G;1;110
A122_10_114;2958;G;A;1;109
A122_10_114;2969;G;A;1;117
A122_10_114;2978;C;T;1;123
A122_10_114;2980;G;A;1;128
A122_10_114;3003;A;C;1;148
A122_10_114;3006;C;T;1;146
A122_10_114;3023;C;T;1;105
A122_10_114;3028;C;T;1;109
A122_10_114;3106;G;A;1;88
A122_10_114;3117;G;A;1;85
A122_10_114;3117;G;A;1;85
A122_10_114;3171;C;T;1;49
A122_10_114;3201;C;T;1;84
A122_10_114;3282;C;T;1;114
A122_10_114;3340;T;C;1;40
A122_10_114;3436;A;G;1;158
A122_10_114;3456;C;T;2;170
A122_10_114;3473;C;T;1;117
A122_10_114;3494;T;C;1;85
A122_10_114;3496;G;A;1;84
A122_10_114;3507;T;C;1;77
A122_10_114;3574;G;A;1;88
A122_10_114;3599;C;T;1;117
A122_10_114;3669;G;A;1;56
A122_10_114;3732;G;A;1;115
A122_10_114;3733;G;A;2;116
A122_10_114;3735;A;G;1;135
A122_10_114;3739;G;A;1;141
A122_10_114;3767;A;G;1;217
A122_10_114;3773;G;A;1;212
A122_10_114;3835;G;A;1;145
A122_10_114;3862;T;C;1;102
A122_10_114;3909;G;A;1;104
A122_10_114;3916;C;T;1;89
A122_10_114;3962;T;C;1;105
A122_10_114;3971;C;T;1;112
A122_10_114;3990;T;C;1;238
A122_10_114;4000;A;T;1;324
A122_10_114;4015;G;A;1;391
A122_10_114;4038;C;T;1;511
A122_10_114;4041;C;T;1;528
A122_10_114;4050;C;T;1;573
A122_10_114;4051;C;T;1;578
A122_10_114;4072;C;T;1;618
A122_10_114;4074;C;T;1;616
A122_10_114;4080;G;A;1;612
A122_10_114;4085;C;T;1;578
A122_10_115;126;T;A;1;57
A122_10_115;155;C;T;1;42
A122_10_115;156;G;A;14;42
A122_10_115;185;G;A;1;34
A122_10_115;190;G;A;1;51
A122_10_115;229;G;A;4;81
A122_10_115;233;G;A;40;67
A122_10_115;242;G;A;2;83
A122_10_115;243;G;A;2;84
A122_10_115;244;G;A;1;90
A122_10_115;248;G;A;2;83
A122_10_115;254;C;T;6;113
A122_10_115;255;G;A;54;104
A122_10_115;270;G;A;4;104
A122_10_115;283;G;A;28;75
A122_10_115;287;G;A;1;67
A122_10_115;289;G;A;2;56
A122_10_115;299;G;A;4;51
A122_10_115;306;G;A;2;53
A122_10_115;309;G;A;4;52
A122_10_115;322;G;A;4;52
A122_10_115;328;C;T;1;52
A122_10_115;333;G;A;5;47
A122_10_115;334;A;G;1;48
A122_10_115;341;G;A;2;38
A122_10_115;345;G;A;5;37
A122_10_115;351;G;A;1;36
A122_10_115;357;C;T;7;48
A122_10_115;358;G;A;5;47
A122_10_115;362;G;A;3;37
A122_10_115;371;G;A;4;26
A122_10_115;380;G;A;10;27
A122_10_115;387;G;A;2;26
A122_10_115;388;G;A;1;26
A122_10_115;406;G;A;1;37
A122_10_115;424;G;A;3;46
A122_10_115;436;G;A;13;39
A122_10_115;437;G;A;2;42
A122_10_115;440;G;A;3;45
A122_10_115;446;C;T;2;50
A122_10_115;447;G;A;2;49
A122_10_115;453;C;T;1;46
A122_10_115;455;G;A;2;46
A122_10_115;459;G;A;1;45
A122_10_115;468;G;A;1;45
A122_10_115;475;G;A;10;45
A122_10_115;481;G;A;1;44
A122_10_115;490;G;A;2;46
A122_10_115;493;G;A;1;48
A122_10_115;495;G;A;7;46
A122_10_115;497;G;A;2;43
A122_10_115;502;G;A;2;40
A122_10_115;510;G;A;1;39
A122_10_115;514;G;A;25;40
A122_10_115;523;G;A;1;35
A122_10_115;526;G;A;1;39
A122_10_115;536;G;A;3;39
A122_10_115;540;G;A;1;48
A122_10_115;543;G;A;1;46
A122_10_115;548;G;A;6;44
A122_10_115;549;G;A;2;44
A122_10_115;557;G;A;2;51
A122_10_115;562;G;A;7;50
A122_10_115;565;G;A;10;50
A122_10_115;566;G;A;1;49
A122_10_115;568;G;A;3;51
A122_10_115;583;G;A;2;31
A122_10_115;612;G;A;1;27
A122_10_115;615;G;A;4;27
A122_10_115;618;G;A;3;27
A122_10_115;622;G;A;5;27
A122_10_115;639;C;A;1;35
A122_10_115;650;G;A;1;36
A122_10_115;651;G;A;4;36
A122_10_115;652;G;A;1;35
A122_10_115;665;G;A;2;27
A122_10_115;696;G;A;16;31
A122_10_115;703;C;T;3;37
A122_10_115;704;G;A;1;37
A122_10_115;705;G;A;3;45
A122_10_115;709;G;A;2;52
A122_10_115;711;C;T;1;52
A122_10_115;713;G;A;3;56
A122_10_115;716;G;A;7;52
A122_10_115;717;G;A;11;54
A122_10_115;718;G;A;13;53
A122_10_115;721;G;A;3;54
A122_10_115;724;G;A;8;59
A122_10_115;725;G;A;1;61
A122_10_115;732;G;A;3;55
A122_10_115;735;G;A;1;53
A122_10_115;745;G;A;14;57
A122_10_115;748;G;A;12;53
A122_10_115;756;C;T;1;44
A122_10_115;760;G;A;9;44
A122_10_115;765;G;A;4;43
A122_10_115;768;G;A;1;43
A122_10_115;770;G;A;2;43
A122_10_115;773;G;A;3;43
A122_10_115;780;G;A;2;41
A122_10_115;781;G;A;5;42
A122_10_115;787;G;A;1;43
A122_10_115;792;C;T;2;45
A122_10_115;795;C;T;1;39
A122_10_115;801;C;T;2;34
A122_10_115;808;G;A;15;25
A122_10_115;819;C;T;1;20
A122_10_115;832;G;A;2;15
A122_10_115;842;G;A;6;20
A122_10_115;843;G;A;2;20
A122_10_115;844;G;A;3;19
A122_10_115;858;G;A;5;29
A122_10_115;866;G;A;2;35
A122_10_115;867;G;A;1;42
A122_10_115;878;G;A;9;44
A122_10_115;879;G;A;3;40
A122_10_115;882;G;A;2;38
A122_10_115;893;G;A;2;31
A122_10_115;899;G;A;1;35
A122_10_115;904;G;A;7;34
A122_10_115;910;G;A;5;30
A122_10_115;915;G;A;1;30
A122_10_115;917;G;A;1;30
A122_10_115;918;G;A;3;30
A122_10_115;920;G;A;1;29
A122_10_115;924;G;A;2;29
A122_10_115;925;G;A;4;29
A122_10_115;930;C;G;1;29
A122_10_115;937;G;A;1;27
A122_10_115;948;G;A;1;45
A122_10_115;958;G;A;3;38
A122_10_115;969;G;A;3;40
A122_10_115;976;G;A;2;50
A122_10_115;981;G;A;2;50
A122_10_115;982;G;A;1;53
A122_10_115;991;G;A;1;58
A122_10_115;995;G;A;5;74
A122_10_115;996;G;A;1;72
A122_10_115;999;G;A;5;67
A122_10_115;1005;C;T;2;62
A122_10_115;1011;C;T;1;53
A122_10_115;1018;G;A;35;63
A122_10_115;1023;C;T;1;73
A122_10_115;1032;G;A;4;54
A122_10_115;1035;C;T;2;52
A122_10_115;1036;G;A;5;53
A122_10_115;1043;G;A;1;42
A122_10_115;1054;G;A;1;27
A122_10_115;1056;G;A;18;26
A122_10_115;1063;G;A;7;25
A122_10_115;1081;G;A;13;24
A122_10_115;1084;G;A;5;24
A122_10_115;1122;C;T;3;18
A122_10_115;1139;G;A;2;23
A122_10_115;1150;C;T;4;23
A122_10_115;1161;G;A;5;30
A122_10_115;1175;G;A;6;33
A122_10_115;1183;G;A;20;29
A122_10_115;1191;G;A;3;22
A122_10_115;1198;G;A;1;22
A122_10_115;1201;G;A;1;25
A122_10_115;1209;G;A;9;23
A122_10_115;1215;G;A;2;23
A122_10_115;1218;G;A;1;23
A122_10_115;1219;G;A;3;23
A122_10_115;1224;G;A;1;22
A122_10_115;1231;G;A;14;22
A122_10_115;1234;G;A;1;21
A122_10_115;1240;G;A;1;22
A122_10_115;1255;G;A;3;22
A122_10_115;1259;G;A;2;27
A122_10_115;1261;G;A;4;26
A122_10_115;1264;G;A;16;24
A122_10_115;1267;G;A;1;24
A122_10_115;1270;G;A;2;25
A122_10_115;1276;G;A;18;27
A122_10_115;1281;G;A;10;28
A122_10_115;1284;G;A;5;30
A122_10_115;1296;G;A;4;40
A122_10_115;1302;G;A;17;40
A122_10_115;1320;G;A;1;58
A122_10_115;1321;G;A;1;63
A122_10_115;1329;G;A;2;52
A122_10_115;1332;G;A;6;55
A122_10_115;1338;G;A;2;54
A122_10_115;1344;G;A;6;47
A122_10_115;1347;G;A;3;50
A122_10_115;1350;G;A;6;43
A122_10_115;1353;G;A;6;41
A122_10_115;1356;C;T;1;45
A122_10_115;1359;G;A;1;37
A122_10_115;1362;G;A;13;37
A122_10_115;1372;G;A;2;37
A122_10_115;1384;G;A;1;34
A122_10_115;1386;G;A;2;34
A122_10_115;1388;G;A;2;35
A122_10_115;1395;G;A;18;25
A122_10_115;1396;G;A;11;26
A122_10_115;1399;C;T;1;28
A122_10_115;1404;G;A;2;24
A122_10_115;1414;G;A;13;24
A122_10_115;1422;C;T;1;33
A122_10_115;1437;G;A;1;32
A122_10_115;1438;G;A;8;34
A122_10_115;1442;G;A;1;38
A122_10_115;1449;G;A;2;45
A122_10_115;1452;G;A;2;43
A122_10_115;1453;G;A;2;46
A122_10_115;1457;G;A;4;40
A122_10_115;1460;C;A;1;45
A122_10_115;1461;G;A;21;43
A122_10_115;1466;G;A;7;39
A122_10_115;1477;G;A;34;39
A122_10_115;1480;G;A;11;42
A122_10_115;1481;G;A;1;43
A122_10_115;1484;C;T;1;40
A122_10_115;1498;G;A;2;46
A122_10_115;1500;G;A;7;47
A122_10_115;1501;G;A;4;46
A122_10_115;1504;G;A;1;38
A122_10_115;1506;G;A;4;32
A122_10_115;1513;G;A;10;33
A122_10_115;1517;G;A;1;33
A122_10_115;1519;G;A;25;33
A122_10_115;1527;G;A;14;32
A122_10_115;1528;G;A;14;33
A122_10_115;1535;G;A;3;33
A122_10_115;1539;C;T;3;33
A122_10_115;1540;G;A;6;31
A122_10_115;1545;G;A;5;30
A122_10_115;1549;G;A;1;31
A122_10_115;1555;G;A;9;26
A122_10_115;1564;G;A;1;15
A122_10_115;1567;G;A;2;15
A122_10_115;1570;G;A;1;14
A122_10_115;1581;G;A;2;23
A122_10_115;1591;C;T;1;18
A122_10_115;1593;G;A;7;16
A122_10_115;1594;G;A;9;16
A122_10_115;1620;G;A;2;22
A122_10_115;1626;C;T;1;22
A122_10_115;1630;G;A;2;29
A122_10_115;1632;G;A;8;29
A122_10_115;1633;G;A;14;27
A122_10_115;1639;C;T;1;25
A122_10_115;1641;G;A;1;24
A122_10_115;1671;C;T;1;18
A122_10_115;1673;G;A;5;17
A122_10_115;1675;C;T;1;16
A122_10_115;1681;G;A;2;16
A122_10_115;1683;G;A;4;16
A122_10_115;1684;G;A;3;16
A122_10_115;1687;G;A;5;16
A122_10_115;1696;G;A;1;18
A122_10_115;1701;G;A;1;19
A122_10_115;1704;G;A;4;20
A122_10_115;1708;G;A;5;22
A122_10_115;1717;C;T;2;17
A122_10_115;1719;G;A;2;18
A122_10_115;1728;G;A;1;18
A122_10_115;1731;G;A;9;17
A122_10_115;1738;G;A;7;18
A122_10_115;1742;G;A;1;28
A122_10_115;1746;G;A;8;26
A122_10_115;1747;G;A;2;27
A122_10_115;1752;G;A;1;29
A122_10_115;1753;C;T;3;30
A122_10_115;1758;G;A;7;42
A122_10_115;1759;G;A;5;43
A122_10_115;1770;C;T;1;46
A122_10_115;1773;G;A;25;49
A122_10_115;1782;G;A;2;66
A122_10_115;1786;G;A;7;71
A122_10_115;1788;G;A;12;67
A122_10_115;1791;G;A;2;67
A122_10_115;1793;C;T;2;63
A122_10_115;1798;G;A;7;50
A122_10_115;1803;G;A;35;42
A122_10_115;1807;G;A;15;35
A122_10_115;1814;G;A;1;31
A122_10_115;1824;G;A;1;30
A122_10_115;1827;C;T;1;29
A122_10_115;1830;G;A;9;25
A122_10_115;1833;G;A;9;24
A122_10_115;1834;G;A;16;24
A122_10_115;1842;G;A;2;24
A122_10_115;1844;C;T;1;25
A122_10_115;1851;G;A;4;35
A122_10_115;1852;G;A;2;35
A122_10_115;1853;G;A;6;35
A122_10_115;1864;G;A;1;35
A122_10_115;1869;G;A;1;33
A122_10_115;1873;G;A;6;30
A122_10_115;1878;G;A;1;30
A122_10_115;1891;G;A;1;30
A122_10_115;1892;G;A;5;30
A122_10_115;1898;C;T;2;25
A122_10_115;1904;G;A;6;23
A122_10_115;1925;C;T;1;40
A122_10_115;1932;G;A;3;52
A122_10_115;1938;G;A;19;50
A122_10_115;1944;G;A;18;43
A122_10_115;1948;C;T;4;37
A122_10_115;1958;G;A;19;19
A122_10_115;1965;G;A;1;19
A122_10_115;1979;G;A;9;15
A122_10_115;1989;G;A;3;14
A122_10_115;1995;G;A;13;13
A122_10_115;1997;G;A;1;14
A122_10_115;2002;C;T;1;18
A122_10_115;2026;C;T;1;28
A122_10_115;2037;G;A;1;52
A122_10_115;2038;G;A;1;54
A122_10_115;2045;G;A;2;67
A122_10_115;2053;G;A;5;62
A122_10_115;2059;G;A;2;88
A122_10_115;2060;C;T;2;88
A122_10_115;2068;G;A;6;96
A122_10_115;2072;C;T;1;95
A122_10_115;2073;G;A;7;91
A122_10_115;2076;G;A;33;73
A122_10_115;2077;G;A;3;74
A122_10_115;2079;G;A;38;71
A122_10_115;2089;G;A;4;61
A122_10_115;2092;G;A;4;58
A122_10_115;2095;G;A;39;51
A122_10_115;2098;G;A;5;49
A122_10_115;2103;G;A;5;41
A122_10_115;2106;G;A;5;42
A122_10_115;2107;G;A;5;37
A122_10_115;2110;G;A;3;36
A122_10_115;2114;G;A;2;33
A122_10_115;2118;G;A;1;33
A122_10_115;2119;G;A;6;33
A122_10_115;2120;G;A;5;33
A122_10_115;2127;C;T;1;31
A122_10_115;2128;G;A;2;30
A122_10_115;2133;G;A;19;25
A122_10_115;2134;G;A;13;26
A122_10_115;2151;G;A;8;16
A122_10_115;2158;G;A;7;19
A122_10_115;2173;G;A;14;16
A122_10_115;2176;G;A;2;16
A122_10_115;2180;G;A;1;19
A122_10_115;2190;G;A;1;23
A122_10_115;2211;G;A;4;34
A122_10_115;2223;G;A;6;59
A122_10_115;2224;G;A;2;58
A122_10_115;2234;G;A;20;57
A122_10_115;2239;G;A;4;58
A122_10_115;2242;G;A;1;53
A122_10_115;2245;G;A;6;48
A122_10_115;2246;G;A;1;47
A122_10_115;2260;G;A;6;36
A122_10_115;2264;G;A;2;38
A122_10_115;2267;G;A;2;34
A122_10_115;2283;G;A;4;29
A122_10_115;2287;G;A;2;26
A122_10_115;2292;G;A;13;24
A122_10_115;2293;G;A;3;24
A122_10_115;2296;G;A;8;22
A122_10_115;2308;G;A;1;23
A122_10_115;2320;C;T;1;31
A122_10_115;2328;G;A;2;30
A122_10_115;2329;G;A;9;30
A122_10_115;2333;G;A;1;35
A122_10_115;2337;G;A;9;29
A122_10_115;2341;G;A;1;26
A122_10_115;2345;G;A;2;23
A122_10_115;2354;G;A;1;34
A122_10_115;2362;G;A;1;34
A122_10_115;2373;G;A;9;31
A122_10_115;2377;G;A;9;31
A122_10_115;2388;G;A;4;41
A122_10_115;2403;G;A;10;35
A122_10_115;2405;C;T;1;33
A122_10_115;2408;C;T;1;44
A122_10_115;2409;G;A;21;42
A122_10_115;2412;C;T;6;42
A122_10_115;2413;G;A;8;40
A122_10_115;2414;G;A;11;41
A122_10_115;2417;G;A;1;39
A122_10_115;2421;G;A;22;38
A122_10_115;2434;G;A;3;36
A122_10_115;2448;C;T;1;33
A122_10_115;2451;G;A;5;31
A122_10_115;2452;G;A;4;31
A122_10_115;2453;G;A;5;29
A122_10_115;2454;G;A;11;29
A122_10_115;2455;G;A;16;29
A122_10_115;2458;C;T;1;33
A122_10_115;2468;G;A;4;26
A122_10_115;2473;G;A;26;27
A122_10_115;2476;C;T;1;30
A122_10_115;2477;G;A;2;30
A122_10_115;2480;G;A;2;27
A122_10_115;2482;G;A;1;25
A122_10_115;2487;G;A;4;23
A122_10_115;2488;G;A;1;24
A122_10_115;2490;G;A;1;29
A122_10_115;2493;G;A;5;30
A122_10_115;2497;G;A;3;26
A122_10_115;2507;C;T;1;32
A122_10_115;2512;G;A;5;35
A122_10_115;2515;G;A;4;47
A122_10_115;2519;G;A;5;55
A122_10_115;2521;G;A;3;52
A122_10_115;2529;G;A;21;53
A122_10_115;2536;G;A;14;55
A122_10_115;2544;G;A;1;49
A122_10_115;2545;G;A;2;48
A122_10_115;2549;C;T;1;43
A122_10_115;2553;G;A;1;44
A122_10_115;2558;G;A;2;40
A122_10_115;2572;G;A;3;30
A122_10_115;2573;G;A;1;31
A122_10_115;2575;G;A;3;31
A122_10_115;2611;G;A;1;20
A122_10_115;2615;G;A;2;19
A122_10_115;2616;G;A;6;21
A122_10_115;2619;G;A;1;19
A122_10_115;2620;G;A;1;18
A122_10_115;2622;G;A;1;22
A122_10_115;2623;G;A;1;25
A122_10_115;2625;G;A;3;23
A122_10_115;2626;G;A;5;24
A122_10_115;2635;G;A;3;21
A122_10_115;2641;C;T;1;18
A122_10_115;2642;C;T;1;18
A122_10_115;2651;G;A;5;35
A122_10_115;2654;C;T;1;40
A122_10_115;2655;G;A;8;35
A122_10_115;2656;G;A;1;35
A122_10_115;2664;G;A;3;42
A122_10_115;2665;G;A;2;50
A122_10_115;2668;G;A;4;56
A122_10_115;2669;G;A;4;59
A122_10_115;2672;G;A;23;67
A122_10_115;2673;G;A;9;65
A122_10_115;2678;T;C;1;68
A122_10_115;2680;G;A;3;72
A122_10_115;2683;G;A;45;70
A122_10_115;2692;G;A;3;66
A122_10_115;2693;G;A;1;66
A122_10_115;2698;G;A;8;60
A122_10_115;2699;G;A;4;58
A122_10_115;2701;G;A;5;67
A122_10_115;2705;G;A;1;69
A122_10_115;2716;G;A;7;65
A122_10_115;2717;G;A;1;65
A122_10_115;2721;C;T;2;62
A122_10_115;2725;G;A;4;62
A122_10_115;2735;G;A;1;59
A122_10_115;2736;G;A;1;57
A122_10_115;2740;G;A;29;54
A122_10_115;2743;G;A;2;54
A122_10_115;2744;G;A;1;53
A122_10_115;2756;G;A;10;39
A122_10_115;2760;C;T;3;46
A122_10_115;2761;G;A;7;44
A122_10_115;2764;G;A;3;41
A122_10_115;2769;C;T;1;38
A122_10_115;2775;G;A;1;44
A122_10_115;2778;G;A;1;45
A122_10_115;2779;G;A;3;42
A122_10_115;2780;G;A;3;42
A122_10_115;2788;G;A;2;44
A122_10_115;2796;G;A;5;33
A122_10_115;2797;G;A;10;34
A122_10_115;2800;G;A;6;31
A122_10_115;2803;C;T;2;34
A122_10_115;2804;G;A;5;32
A122_10_115;2814;G;A;7;23
A122_10_115;2818;G;A;1;32
A122_10_115;2821;G;A;3;34
A122_10_115;2823;G;A;8;37
A122_10_115;2827;G;A;1;34
A122_10_115;2830;G;A;1;35
A122_10_115;2838;G;A;6;25
A122_10_115;2849;G;A;3;22
A122_10_115;2855;C;T;1;19
A122_10_115;2866;G;A;1;21
A122_10_115;2904;G;A;3;14
A122_10_115;2913;G;A;1;11
A122_10_115;2928;C;T;2;27
A122_10_115;2933;G;A;1;28
A122_10_115;2952;C;T;2;41
A122_10_115;2955;C;T;1;39
A122_10_115;2962;C;T;1;35
A122_10_115;2978;C;T;10;75
A122_10_115;2991;C;T;4;72
A122_10_115;3006;C;T;7;67
A122_10_115;3007;G;A;1;65
A122_10_115;3013;C;T;1;54
A122_10_115;3028;C;T;11;44
A122_10_115;3032;C;T;1;44
A122_10_115;3041;G;A;1;39
A122_10_115;3054;A;G;1;39
A122_10_115;3074;A;G;1;26
A122_10_115;3125;G;A;1;85
A122_10_115;3137;C;T;1;70
A122_10_115;3143;G;A;4;74
A122_10_115;3187;G;A;1;24
A122_10_115;3222;G;A;1;38
A122_10_115;3280;C;T;1;46
A122_10_115;3284;G;A;2;48
A122_10_115;3396;G;A;1;33
A122_10_115;3437;G;A;1;59
A122_10_115;3489;G;A;1;21
A122_10_115;3511;G;A;1;29
A122_10_115;3550;G;A;1;28
A122_10_115;3574;G;A;1;44
A122_10_115;3578;A;G;1;41
A122_10_115;3591;G;A;1;40
A122_10_115;3684;G;A;2;33
A122_10_115;3688;G;A;1;33
A122_10_115;3697;G;A;1;33
A122_10_115;3732;G;A;1;54
A122_10_115;3733;G;A;1;54
A122_10_115;3798;C;T;1;58
A122_10_115;3825;C;T;1;85
A122_10_115;3828;G;A;2;92
A122_10_115;3891;C;T;1;94
A122_10_115;3908;C;T;1;104
A122_10_115;3909;G;A;2;104
A122_10_115;3916;C;T;1;87
A122_10_115;3932;G;A;2;85
A122_10_115;3964;G;A;1;77
A122_10_115;3974;G;A;4;135
A122_10_115;3989;G;A;1;203
A122_10_115;4009;G;A;1;286
A122_10_115;4037;C;T;2;441
A122_10_115;4038;C;T;1;443
A122_10_115;4092;G;A;1;312
A122_10_115;4102;C;T;1;262
A122_10_115;4105;T;C;1;238
A122_10_115;4109;C;T;1;220
A122_10_116;80;A;G;1;16
A122_10_116;98;A;T;1;42
A122_10_116;314;C;T;1;112
A122_10_116;335;T;C;1;88
A122_10_116;378;T;C;1;63
A122_10_116;403;A;G;1;60
A122_10_116;549;G;T;1;109
A122_10_116;574;A;G;1;121
A122_10_116;586;G;A;1;94
A122_10_116;644;T;A;1;84
A122_10_116;889;G;A;1;106
A122_10_116;905;T;C;1;104
A122_10_116;1123;T;C;1;91
A122_10_116;1127;T;C;1;95
A122_10_116;1148;T;C;1;99
A122_10_116;1280;C;T;1;109
A122_10_116;1313;G;A;1;94
A122_10_116;1430;C;T;1;83
A122_10_116;1436;C;T;1;98
A122_10_116;1468;T;A;1;102
A122_10_116;1759;G;A;1;123
A122_10_116;1770;C;G;1;134
A122_10_116;1862;A;G;1;86
A122_10_116;2090;A;G;1;123
A122_10_116;2105;T;C;1;108
A122_10_116;2167;C;T;1;73
A122_10_116;2175;A;G;1;61
A122_10_116;2194;A;G;1;58
A122_10_116;2380;A;G;1;75
A122_10_116;2443;C;T;1;96
A122_10_116;2564;T;C;1;94
A122_10_116;2688;A;G;1;148
A122_10_116;2719;A;G;1;119
A122_10_116;2766;T;C;1;74
A122_10_116;2866;G;A;1;61
A122_10_116;2954;A;T;1;115
A122_10_116;3279;T;C;1;107
A122_10_116;3294;T;C;1;91
A122_10_116;3410;T;C;1;57
A122_10_116;3436;A;G;1;104
A122_10_116;3649;A;G;1;18
A122_10_116;3893;T;C;1;129
A122_10_116;3907;T;C;1;146
A122_10_116;3938;C;T;1;149
A122_10_116;3985;C;T;2;245
A122_10_116;3996;G;A;1;296
A122_10_116;4049;T;C;1;593
A122_10_116;4078;G;A;1;518
A122_10_116;4089;T;C;1;443
A122_10_117;146;C;A;1;47
A122_10_117;357;C;T;6;31
A122_10_117;423;C;T;2;93
A122_10_117;426;C;T;8;93
A122_10_117;427;C;T;4;87
A122_10_117;432;C;T;2;81
A122_10_117;435;C;T;4;75
A122_10_117;440;G;A;2;63
A122_10_117;450;C;T;1;49
A122_10_117;453;C;T;1;47
A122_10_117;462;C;T;3;46
A122_10_117;471;C;T;5;45
A122_10_117;486;C;T;3;37
A122_10_117;489;C;T;1;36
A122_10_117;507;C;T;2;25
A122_10_117;534;C;T;1;44
A122_10_117;535;C;T;1;44
A122_10_117;538;C;T;1;60
A122_10_117;558;C;T;1;100
A122_10_117;565;G;A;3;108
A122_10_117;568;G;A;4;107
A122_10_117;579;C;T;2;80
A122_10_117;585;C;T;2;68
A122_10_117;594;C;T;2;48
A122_10_117;596;C;T;1;43
A122_10_117;597;C;T;1;43
A122_10_117;600;C;T;2;35
A122_10_117;604;C;T;1;33
A122_10_117;610;C;T;1;33
A122_10_117;627;C;T;2;32
A122_10_117;634;C;T;4;26
A122_10_117;648;C;T;2;20
A122_10_117;649;C;T;3;20
A122_10_117;663;C;T;1;24
A122_10_117;675;C;T;3;24
A122_10_117;676;C;T;4;26
A122_10_117;677;C;T;3;26
A122_10_117;681;C;T;6;22
A122_10_117;694;C;T;4;63
A122_10_117;703;C;T;2;63
A122_10_117;711;C;T;3;80
A122_10_117;728;C;T;1;104
A122_10_117;729;C;T;5;99
A122_10_117;748;G;A;2;65
A122_10_117;756;C;T;3;49
A122_10_117;759;C;T;1;48
A122_10_117;762;C;T;2;47
A122_10_117;766;C;T;1;46
A122_10_117;777;C;T;3;43
A122_10_117;804;C;T;3;30
A122_10_117;807;C;T;2;30
A122_10_117;814;C;T;1;25
A122_10_117;825;C;T;2;20
A122_10_117;826;C;T;3;21
A122_10_117;827;C;T;1;20
A122_10_117;840;C;T;8;33
A122_10_117;841;C;T;4;40
A122_10_117;848;G;A;1;44
A122_10_117;856;C;T;2;59
A122_10_117;864;C;T;8;77
A122_10_117;865;C;T;3;76
A122_10_117;866;G;A;1;74
A122_10_117;868;G;A;3;80
A122_10_117;873;C;T;6;66
A122_10_117;876;C;T;1;67
A122_10_117;930;C;T;1;26
A122_10_117;931;C;T;3;25
A122_10_117;932;C;T;2;25
A122_10_117;936;C;T;1;28
A122_10_117;946;C;T;1;36
A122_10_117;958;G;A;1;36
A122_10_117;967;C;T;1;36
A122_10_117;979;C;T;2;43
A122_10_117;990;C;T;4;56
A122_10_117;1005;C;T;6;64
A122_10_117;1011;C;T;7;67
A122_10_117;1014;C;T;3;76
A122_10_117;1017;C;T;11;77
A122_10_117;1018;G;A;1;85
A122_10_117;1023;C;T;5;97
A122_10_117;1029;C;T;1;87
A122_10_117;1043;G;A;1;64
A122_10_117;1050;C;T;10;47
A122_10_117;1077;C;T;1;35
A122_10_117;1098;C;T;2;22
A122_10_117;1104;C;T;1;17
A122_10_117;1122;C;T;3;15
A122_10_117;1128;C;T;3;17
A122_10_117;1129;C;T;2;18
A122_10_117;1167;C;T;1;48
A122_10_117;1168;C;T;1;49
A122_10_117;1208;C;T;2;25
A122_10_117;1258;C;T;1;23
A122_10_117;1267;G;A;1;27
A122_10_117;1288;G;A;1;47
A122_10_117;1317;C;T;1;88
A122_10_117;1321;G;A;2;99
A122_10_117;1335;C;T;1;72
A122_10_117;1336;C;T;1;80
A122_10_117;1342;C;T;1;70
A122_10_117;1356;C;T;1;46
A122_10_117;1365;C;T;1;41
A122_10_117;1375;C;T;1;39
A122_10_117;1399;C;T;3;20
A122_10_117;1428;G;A;1;17
A122_10_117;1430;C;T;1;23
A122_10_117;1435;C;T;1;24
A122_10_117;1437;G;A;1;22
A122_10_117;1438;G;A;1;22
A122_10_117;1494;C;T;2;62
A122_10_117;1495;C;T;1;62
A122_10_117;1524;C;T;1;38
A122_10_117;1553;T;C;1;27
A122_10_117;1554;C;T;3;26
A122_10_117;1555;G;A;1;21
A122_10_117;1585;C;T;1;21
A122_10_117;1605;C;T;1;28
A122_10_117;1610;C;T;1;27
A122_10_117;1611;C;T;6;32
A122_10_117;1612;C;T;3;30
A122_10_117;1629;C;T;4;71
A122_10_117;1641;G;A;1;42
A122_10_117;1699;C;T;2;26
A122_10_117;1717;C;T;1;30
A122_10_117;1735;G;A;1;50
A122_10_117;1745;C;T;1;66
A122_10_117;1746;G;A;1;60
A122_10_117;1757;C;T;3;82
A122_10_117;1771;C;T;2;89
A122_10_117;1779;C;T;2;89
A122_10_117;1780;C;T;2;92
A122_10_117;1784;C;T;4;87
A122_10_117;1785;C;T;1;86
A122_10_117;1801;C;T;10;54
A122_10_117;1802;C;T;7;53
A122_10_117;1827;C;T;1;39
A122_10_117;1828;C;T;2;39
A122_10_117;1845;G;A;1;40
A122_10_117;1851;G;A;1;44
A122_10_117;1857;C;T;1;39
A122_10_117;1860;C;T;3;39
A122_10_117;1897;C;T;1;29
A122_10_117;1898;C;T;1;29
A122_10_117;1914;C;T;1;52
A122_10_117;1925;C;T;3;57
A122_10_117;1936;C;T;5;43
A122_10_117;1941;C;T;1;46
A122_10_117;1955;C;T;2;28
A122_10_117;1956;C;T;3;28
A122_10_117;1969;C;T;1;19
A122_10_117;2002;C;T;2;14
A122_10_117;2036;C;T;1;48
A122_10_117;2047;C;T;1;53
A122_10_117;2050;C;T;2;52
A122_10_117;2062;C;T;4;86
A122_10_117;2065;C;T;1;95
A122_10_117;2066;C;T;1;97
A122_10_117;2076;G;A;1;87
A122_10_117;2079;G;A;1;101
A122_10_117;2101;C;T;7;61
A122_10_117;2127;C;T;1;39
A122_10_117;2134;G;A;1;39
A122_10_117;2137;C;T;2;39
A122_10_117;2139;C;T;4;39
A122_10_117;2145;C;T;1;37
A122_10_117;2154;C;T;2;27
A122_10_117;2155;C;T;1;27
A122_10_117;2167;C;T;3;24
A122_10_117;2185;C;T;6;24
A122_10_117;2186;C;T;1;25
A122_10_117;2193;G;A;1;20
A122_10_117;2212;C;T;1;59
A122_10_117;2231;C;T;5;72
A122_10_117;2232;C;T;2;72
A122_10_117;2233;C;T;1;72
A122_10_117;2239;G;A;1;74
A122_10_117;2244;C;T;1;73
A122_10_117;2263;C;T;1;41
A122_10_117;2266;C;T;1;40
A122_10_117;2279;C;T;7;36
A122_10_117;2281;C;T;1;36
A122_10_117;2363;C;T;1;48
A122_10_117;2377;G;A;1;48
A122_10_117;2390;C;T;1;57
A122_10_117;2401;C;T;5;59
A122_10_117;2412;C;T;1;43
A122_10_117;2414;G;A;1;41
A122_10_117;2417;G;A;1;36
A122_10_117;2467;C;T;2;16
A122_10_117;2476;C;T;3;18
A122_10_117;2526;C;T;1;67
A122_10_117;2534;C;T;1;74
A122_10_117;2587;C;T;1;30
A122_10_117;2594;C;T;1;29
A122_10_117;2595;C;T;1;28
A122_10_117;2596;C;T;1;28
A122_10_117;2648;T;A;1;28
A122_10_117;2657;C;T;1;52
A122_10_117;2662;C;T;2;56
A122_10_117;2663;C;T;3;59
A122_10_117;2683;G;A;2;79
A122_10_117;2694;A;G;1;77
A122_10_117;2711;C;T;1;50
A122_10_117;2804;G;A;1;27
A122_10_117;2810;G;A;1;31
A122_10_117;2817;C;T;1;41
A122_10_117;2834;C;T;1;47
A122_10_117;2855;C;T;1;50
A122_10_117;2904;G;A;6;20
A122_10_117;2952;C;T;1;23
A122_10_117;2978;C;T;8;66
A122_10_117;2984;G;A;1;70
A122_10_117;2991;C;T;1;80
A122_10_117;3028;C;T;1;35
A122_10_117;3077;G;A;1;46
A122_10_117;3174;C;T;1;18
A122_10_117;3396;G;A;1;70
A122_10_117;3404;G;A;1;55
A122_10_117;3721;G;A;1;56
A122_10_117;3790;G;A;1;35
A122_10_117;3835;G;A;1;135
A122_10_117;3855;G;A;1;140
A122_10_117;3860;C;T;1;118
A122_10_117;3867;C;T;2;101
A122_10_117;3927;C;T;1;31
A122_10_117;3958;C;T;1;27
A122_10_117;3995;C;T;1;249
A122_10_117;3998;G;A;1;275
A122_10_117;4002;G;A;1;309
A122_10_117;4017;C;T;1;370
A122_10_117;4029;C;T;1;414
A122_10_117;4038;C;T;1;410
A122_10_117;4041;C;T;1;404
A122_10_117;4059;G;T;1;406
A122_10_117;4064;T;C;1;364
A122_10_118;113;G;A;1;37
A122_10_118;233;G;A;3;58
A122_10_118;255;G;A;4;105
A122_10_118;257;G;A;1;111
A122_10_118;267;G;A;1;116
A122_10_118;268;C;T;1;114
A122_10_118;270;G;A;1;103
A122_10_118;283;G;A;3;66
A122_10_118;328;C;T;1;26
A122_10_118;331;C;T;1;26
A122_10_118;333;G;A;2;29
A122_10_118;357;C;T;2;27
A122_10_118;380;G;A;2;40
A122_10_118;393;A;G;1;45
A122_10_118;418;C;T;1;80
A122_10_118;423;C;T;7;72
A122_10_118;426;C;T;3;65
A122_10_118;432;C;T;4;58
A122_10_118;434;C;T;2;52
A122_10_118;435;C;T;36;52
A122_10_118;447;G;A;1;40
A122_10_118;453;C;T;10;34
A122_10_118;462;C;T;7;28
A122_10_118;471;C;T;9;26
A122_10_118;489;C;T;9;27
A122_10_118;499;G;A;2;24
A122_10_118;507;C;T;3;26
A122_10_118;508;C;T;2;25
A122_10_118;514;G;A;2;23
A122_10_118;522;C;T;1;28
A122_10_118;531;C;T;1;29
A122_10_118;534;C;T;8;47
A122_10_118;535;C;T;4;54
A122_10_118;538;C;T;2;59
A122_10_118;546;C;T;4;60
A122_10_118;547;C;T;15;68
A122_10_118;549;G;A;1;67
A122_10_118;558;C;T;2;92
A122_10_118;565;G;A;1;104
A122_10_118;568;G;A;1;106
A122_10_118;576;C;T;1;90
A122_10_118;579;C;T;38;74
A122_10_118;582;C;T;2;63
A122_10_118;585;C;T;1;54
A122_10_118;597;C;T;1;37
A122_10_118;600;C;T;1;35
A122_10_118;604;C;T;5;32
A122_10_118;610;C;T;8;32
A122_10_118;622;G;A;1;27
A122_10_118;627;C;T;5;26
A122_10_118;630;C;T;1;26
A122_10_118;634;C;T;9;25
A122_10_118;642;C;T;3;32
A122_10_118;645;C;T;5;35
A122_10_118;648;C;T;12;33
A122_10_118;649;C;T;10;34
A122_10_118;655;C;T;1;31
A122_10_118;659;C;T;1;31
A122_10_118;663;C;T;15;33
A122_10_118;670;C;T;1;26
A122_10_118;675;C;T;2;27
A122_10_118;677;C;T;3;28
A122_10_118;694;C;T;2;57
A122_10_118;697;C;T;1;69
A122_10_118;702;C;T;5;71
A122_10_118;703;C;T;32;72
A122_10_118;704;G;A;1;76
A122_10_118;707;C;T;2;81
A122_10_118;708;C;T;1;78
A122_10_118;711;C;T;24;85
A122_10_118;713;G;A;7;87
A122_10_118;715;C;T;8;91
A122_10_118;716;G;A;1;89
A122_10_118;717;G;A;1;93
A122_10_118;721;G;A;1;97
A122_10_118;724;G;A;1;96
A122_10_118;728;C;T;2;80
A122_10_118;729;C;T;6;73
A122_10_118;731;C;T;5;74
A122_10_118;733;C;T;5;69
A122_10_118;735;G;A;1;64
A122_10_118;748;G;A;1;44
A122_10_118;756;C;T;5;30
A122_10_118;759;C;T;4;30
A122_10_118;762;C;T;1;29
A122_10_118;766;C;T;2;28
A122_10_118;777;C;T;1;27
A122_10_118;792;C;T;1;33
A122_10_118;795;C;T;1;35
A122_10_118;798;C;T;2;33
A122_10_118;801;C;T;5;34
A122_10_118;804;C;T;5;33
A122_10_118;807;C;T;10;27
A122_10_118;808;G;A;1;27
A122_10_118;814;C;T;6;26
A122_10_118;819;C;T;2;25
A122_10_118;825;C;T;3;23
A122_10_118;832;G;A;1;30
A122_10_118;840;C;T;21;33
A122_10_118;841;C;T;9;41
A122_10_118;850;C;T;2;49
A122_10_118;856;C;T;6;61
A122_10_118;858;G;A;1;68
A122_10_118;864;C;T;3;81
A122_10_118;865;C;T;7;79
A122_10_118;873;C;T;17;79
A122_10_118;877;C;T;12;79
A122_10_118;888;C;T;3;55
A122_10_118;892;C;T;9;50
A122_10_118;902;C;T;2;40
A122_10_118;903;C;T;3;40
A122_10_118;916;C;T;3;34
A122_10_118;930;C;T;1;30
A122_10_118;932;C;T;2;30
A122_10_118;936;C;T;3;30
A122_10_118;940;C;T;1;36
A122_10_118;943;C;T;2;46
A122_10_118;946;C;T;1;48
A122_10_118;954;C;T;1;44
A122_10_118;963;C;T;1;45
A122_10_118;967;C;T;12;42
A122_10_118;975;C;T;8;51
A122_10_118;976;G;A;1;51
A122_10_118;987;C;T;1;57
A122_10_118;990;C;T;22;74
A122_10_118;994;C;T;5;85
A122_10_118;998;C;T;3;74
A122_10_118;1005;C;T;19;93
A122_10_118;1008;C;T;1;95
A122_10_118;1011;C;T;31;97
A122_10_118;1014;C;T;1;114
A122_10_118;1017;C;T;57;103
A122_10_118;1018;G;A;3;108
A122_10_118;1023;C;T;34;102
A122_10_118;1029;C;T;20;87
A122_10_118;1032;G;A;1;76
A122_10_118;1035;C;T;6;65
A122_10_118;1036;G;A;1;65
A122_10_118;1041;C;T;8;53
A122_10_118;1050;C;T;9;39
A122_10_118;1051;C;T;3;38
A122_10_118;1067;C;T;8;21
A122_10_118;1069;C;T;1;21
A122_10_118;1090;C;T;1;18
A122_10_118;1098;C;T;1;15
A122_10_118;1101;C;T;2;14
A122_10_118;1104;C;T;1;12
A122_10_118;1117;C;T;1;7
A122_10_118;1146;C;T;1;16
A122_10_118;1164;G;A;1;66
A122_10_118;1168;C;T;2;72
A122_10_118;1174;C;T;1;71
A122_10_118;1182;C;T;6;51
A122_10_118;1196;C;T;4;35
A122_10_118;1197;C;T;7;34
A122_10_118;1213;C;T;2;21
A122_10_118;1240;G;A;1;21
A122_10_118;1243;C;T;2;26
A122_10_118;1251;C;T;8;23
A122_10_118;1258;C;T;13;26
A122_10_118;1260;C;T;5;28
A122_10_118;1275;C;T;1;31
A122_10_118;1280;C;T;3;44
A122_10_118;1283;C;T;1;40
A122_10_118;1287;C;T;4;40
A122_10_118;1290;C;T;2;38
A122_10_118;1294;C;T;1;44
A122_10_118;1296;G;A;1;48
A122_10_118;1299;C;T;2;45
A122_10_118;1302;G;A;1;65
A122_10_118;1311;C;T;7;97
A122_10_118;1314;C;T;3;107
A122_10_118;1316;C;T;1;118
A122_10_118;1317;C;T;16;117
A122_10_118;1319;C;T;19;119
A122_10_118;1321;G;A;1;110
A122_10_118;1327;C;T;6;102
A122_10_118;1330;C;T;2;105
A122_10_118;1331;C;T;6;102
A122_10_118;1332;G;A;1;96
A122_10_118;1335;C;T;1;88
A122_10_118;1343;C;T;1;70
A122_10_118;1344;G;A;1;68
A122_10_118;1355;C;T;1;48
A122_10_118;1356;C;T;3;46
A122_10_118;1358;C;T;1;43
A122_10_118;1359;G;A;1;42
A122_10_118;1360;C;T;1;42
A122_10_118;1362;G;A;1;42
A122_10_118;1365;C;T;1;42
A122_10_118;1375;C;T;3;40
A122_10_118;1392;C;T;1;33
A122_10_118;1393;C;T;2;31
A122_10_118;1394;C;T;7;29
A122_10_118;1396;G;A;2;29
A122_10_118;1399;C;T;7;23
A122_10_118;1408;C;T;5;21
A122_10_118;1422;C;T;7;18
A122_10_118;1427;C;T;6;24
A122_10_118;1430;C;T;1;30
A122_10_118;1431;C;T;1;30
A122_10_118;1450;C;T;2;39
A122_10_118;1456;C;T;9;56
A122_10_118;1460;C;T;4;73
A122_10_118;1461;G;A;1;71
A122_10_118;1476;C;T;5;77
A122_10_118;1477;G;A;2;75
A122_10_118;1484;C;T;2;59
A122_10_118;1493;C;T;1;47
A122_10_118;1494;C;T;3;52
A122_10_118;1495;C;T;3;52
A122_10_118;1497;C;T;6;50
A122_10_118;1500;G;A;1;50
A122_10_118;1512;C;T;12;43
A122_10_118;1525;C;T;1;37
A122_10_118;1534;C;T;5;34
A122_10_118;1539;C;T;16;31
A122_10_118;1554;C;T;6;16
A122_10_118;1555;G;A;1;16
A122_10_118;1560;C;T;1;13
A122_10_118;1567;G;A;1;9
A122_10_118;1579;C;T;2;15
A122_10_118;1585;C;T;1;22
A122_10_118;1591;C;T;2;20
A122_10_118;1594;G;A;1;19
A122_10_118;1605;C;T;14;21
A122_10_118;1612;C;T;1;20
A122_10_118;1617;C;T;1;38
A122_10_118;1623;C;T;1;43
A122_10_118;1626;C;T;12;35
A122_10_118;1629;C;T;7;44
A122_10_118;1631;C;T;1;47
A122_10_118;1639;C;T;13;34
A122_10_118;1647;C;T;3;26
A122_10_118;1665;C;T;6;15
A122_10_118;1671;C;T;2;15
A122_10_118;1672;C;T;3;15
A122_10_118;1674;C;T;1;15
A122_10_118;1683;G;A;1;15
A122_10_118;1699;C;T;3;38
A122_10_118;1702;C;T;2;40
A122_10_118;1717;C;T;16;35
A122_10_118;1719;G;A;1;46
A122_10_118;1720;C;T;4;41
A122_10_118;1725;C;T;3;42
A122_10_118;1729;C;T;2;61
A122_10_118;1738;G;A;1;56
A122_10_118;1744;C;T;2;71
A122_10_118;1753;C;T;1;79
A122_10_118;1757;C;T;6;87
A122_10_118;1761;C;T;1;102
A122_10_118;1765;C;T;22;109
A122_10_118;1767;C;T;1;124
A122_10_118;1770;C;T;1;118
A122_10_118;1771;C;T;8;116
A122_10_118;1773;G;A;1;115
A122_10_118;1779;C;T;12;108
A122_10_118;1780;C;T;7;116
A122_10_118;1784;C;T;3;104
A122_10_118;1785;C;T;3;100
A122_10_118;1788;G;A;1;98
A122_10_118;1791;G;A;1;88
A122_10_118;1793;C;T;27;82
A122_10_118;1798;G;A;1;78
A122_10_118;1801;C;T;53;63
A122_10_118;1802;C;T;51;64
A122_10_118;1803;G;A;2;68
A122_10_118;1806;C;T;2;66
A122_10_118;1813;C;T;1;61
A122_10_118;1819;C;T;1;58
A122_10_118;1821;C;T;1;57
A122_10_118;1827;C;T;5;53
A122_10_118;1828;C;T;3;51
A122_10_118;1830;G;T;1;48
A122_10_118;1831;C;T;2;48
A122_10_118;1850;C;T;1;63
A122_10_118;1851;G;A;1;65
A122_10_118;1857;C;T;8;59
A122_10_118;1860;C;T;1;51
A122_10_118;1863;C;T;2;56
A122_10_118;1888;C;T;8;32
A122_10_118;1890;C;T;3;33
A122_10_118;1914;C;T;7;53
A122_10_118;1921;C;T;12;51
A122_10_118;1925;C;T;41;58
A122_10_118;1936;C;T;18;45
A122_10_118;1937;C;T;5;47
A122_10_118;1941;C;T;2;43
A122_10_118;1948;C;T;4;34
A122_10_118;1954;C;T;3;34
A122_10_118;1955;C;T;1;31
A122_10_118;1956;C;T;3;31
A122_10_118;1958;G;A;1;30
A122_10_118;1966;C;T;1;28
A122_10_118;1969;C;T;13;28
A122_10_118;2002;C;T;8;39
A122_10_118;2005;C;T;4;44
A122_10_118;2010;C;T;8;39
A122_10_118;2011;C;T;2;38
A122_10_118;2016;C;T;10;35
A122_10_118;2026;C;T;1;24
A122_10_118;2036;C;T;7;67
A122_10_118;2046;C;T;2;63
A122_10_118;2050;C;T;1;58
A122_10_118;2051;C;T;2;62
A122_10_118;2062;C;T;35;95
A122_10_118;2064;C;T;3;98
A122_10_118;2065;C;T;6;99
A122_10_118;2066;C;T;5;106
A122_10_118;2072;C;T;1;102
A122_10_118;2073;G;A;1;98
A122_10_118;2074;C;T;3;102
A122_10_118;2079;G;A;1;93
A122_10_118;2089;G;A;1;75
A122_10_118;2093;C;T;1;69
A122_10_118;2095;G;A;1;64
A122_10_118;2101;C;T;39;49
A122_10_118;2103;G;A;1;45
A122_10_118;2106;G;A;1;44
A122_10_118;2113;C;T;5;35
A122_10_118;2127;C;T;22;29
A122_10_118;2131;C;T;1;29
A122_10_118;2133;G;A;1;29
A122_10_118;2137;C;T;4;26
A122_10_118;2139;C;T;13;27
A122_10_118;2142;C;T;4;26
A122_10_118;2145;C;T;4;24
A122_10_118;2154;C;T;1;21
A122_10_118;2155;C;T;3;20
A122_10_118;2158;G;A;1;15
A122_10_118;2167;C;T;6;18
A122_10_118;2172;C;T;1;12
A122_10_118;2185;C;T;4;27
A122_10_118;2186;C;T;5;27
A122_10_118;2209;C;T;9;42
A122_10_118;2218;G;A;1;76
A122_10_118;2220;C;T;1;79
A122_10_118;2222;C;T;2;94
A122_10_118;2231;C;T;7;94
A122_10_118;2232;C;T;1;93
A122_10_118;2233;C;T;7;95
A122_10_118;2239;G;A;1;79
A122_10_118;2241;C;T;3;75
A122_10_118;2243;C;T;1;72
A122_10_118;2244;C;T;12;70
A122_10_118;2254;C;T;3;49
A122_10_118;2257;C;T;1;45
A122_10_118;2259;C;T;4;44
A122_10_118;2263;C;T;4;40
A122_10_118;2267;G;A;1;35
A122_10_118;2272;C;T;1;34
A122_10_118;2279;C;T;1;31
A122_10_118;2281;C;T;16;31
A122_10_118;2303;C;T;1;39
A122_10_118;2305;C;T;1;33
A122_10_118;2306;C;T;5;38
A122_10_118;2310;C;T;2;38
A122_10_118;2320;C;T;1;33
A122_10_118;2323;C;T;4;38
A122_10_118;2327;C;T;9;34
A122_10_118;2328;G;A;1;33
A122_10_118;2339;C;T;2;29
A122_10_118;2347;G;A;1;30
A122_10_118;2355;C;T;1;36
A122_10_118;2370;C;T;4;64
A122_10_118;2371;A;G;1;61
A122_10_118;2377;G;A;1;60
A122_10_118;2382;C;T;1;68
A122_10_118;2387;C;T;5;69
A122_10_118;2391;C;T;1;62
A122_10_118;2398;C;T;3;54
A122_10_118;2401;C;T;11;51
A122_10_118;2403;G;A;2;49
A122_10_118;2405;C;T;4;45
A122_10_118;2408;C;T;1;44
A122_10_118;2409;G;A;2;44
A122_10_118;2412;C;T;34;42
A122_10_118;2420;C;T;1;37
A122_10_118;2428;C;T;3;36
A122_10_118;2432;C;T;1;35
A122_10_118;2433;C;T;7;35
A122_10_118;2448;C;T;1;37
A122_10_118;2458;C;T;2;34
A122_10_118;2465;C;T;1;27
A122_10_118;2467;C;T;13;24
A122_10_118;2473;G;A;3;21
A122_10_118;2476;C;T;9;22
A122_10_118;2485;C;T;1;19
A122_10_118;2486;C;T;5;17
A122_10_118;2502;C;T;1;34
A122_10_118;2506;C;T;1;32
A122_10_118;2507;C;T;5;31
A122_10_118;2511;C;T;2;38
A122_10_118;2514;C;T;13;55
A122_10_118;2523;C;T;1;73
A122_10_118;2526;C;T;8;74
A122_10_118;2528;C;T;1;73
A122_10_118;2529;G;A;1;70
A122_10_118;2534;C;T;1;81
A122_10_118;2535;T;C;1;79
A122_10_118;2536;G;A;1;85
A122_10_118;2540;C;T;5;71
A122_10_118;2546;C;T;6;61
A122_10_118;2549;C;T;1;57
A122_10_118;2552;C;T;1;52
A122_10_118;2559;C;T;3;49
A122_10_118;2570;C;T;3;38
A122_10_118;2574;C;T;1;37
A122_10_118;2578;C;T;1;35
A122_10_118;2581;C;T;2;35
A122_10_118;2587;C;T;6;32
A122_10_118;2594;C;T;2;28
A122_10_118;2595;C;T;1;25
A122_10_118;2596;C;T;1;24
A122_10_118;2636;C;T;2;24
A122_10_118;2650;C;T;2;33
A122_10_118;2654;C;T;6;41
A122_10_118;2662;C;T;3;45
A122_10_118;2663;C;T;4;51
A122_10_118;2666;C;T;1;69
A122_10_118;2681;C;T;2;101
A122_10_118;2690;C;T;12;95
A122_10_118;2696;C;T;1;81
A122_10_118;2697;C;T;4;79
A122_10_118;2707;G;A;2;60
A122_10_118;2711;C;T;5;63
A122_10_118;2721;C;T;4;57
A122_10_118;2726;C;T;3;53
A122_10_118;2729;C;T;1;49
A122_10_118;2749;C;T;1;41
A122_10_118;2754;C;T;5;40
A122_10_118;2755;C;T;1;39
A122_10_118;2760;C;T;13;46
A122_10_118;2769;C;T;5;40
A122_10_118;2772;C;T;1;37
A122_10_118;2777;C;T;1;36
A122_10_118;2785;C;T;1;30
A122_10_118;2792;C;T;2;32
A122_10_118;2797;G;A;1;33
A122_10_118;2803;C;T;2;33
A122_10_118;2812;C;T;2;28
A122_10_118;2817;C;T;12;43
A122_10_118;2819;C;T;2;52
A122_10_118;2834;C;T;1;53
A122_10_118;2873;C;T;1;20
A122_10_118;2874;C;T;1;20
A122_10_118;2881;C;T;8;19
A122_10_118;2890;C;T;1;18
A122_10_118;2903;C;T;1;9
A122_10_118;2928;C;T;1;17
A122_10_118;2939;C;T;2;28
A122_10_118;2950;C;T;1;22
A122_10_118;2958;G;A;1;32
A122_10_118;2962;C;T;1;34
A122_10_118;2970;C;T;1;70
A122_10_118;2972;C;T;1;77
A122_10_118;2978;C;T;31;94
A122_10_118;2991;C;T;2;89
A122_10_118;3004;C;T;3;73
A122_10_118;3006;C;T;31;69
A122_10_118;3011;C;T;1;69
A122_10_118;3019;C;T;2;56
A122_10_118;3020;G;A;1;52
A122_10_118;3023;C;T;1;52
A122_10_118;3028;C;T;20;46
A122_10_118;3052;G;A;1;48
A122_10_118;3071;C;T;1;60
A122_10_118;3076;C;T;2;55
A122_10_118;3083;T;C;1;42
A122_10_118;3105;C;T;20;51
A122_10_118;3150;C;T;6;54
A122_10_118;3156;A;G;1;44
A122_10_118;3170;C;T;1;24
A122_10_118;3274;C;T;1;76
A122_10_118;3282;C;T;1;66
A122_10_118;3317;C;T;1;26
A122_10_118;3389;C;T;1;55
A122_10_118;3411;C;T;3;60
A122_10_118;3530;C;T;1;72
A122_10_118;3560;C;T;1;69
A122_10_118;3594;C;T;1;52
A122_10_118;3675;C;T;1;58
A122_10_118;3687;C;T;2;72
A122_10_118;3726;C;T;9;60
A122_10_118;3732;G;A;1;62
A122_10_118;3749;T;C;1;61
A122_10_118;3759;C;T;1;51
A122_10_118;3795;C;T;3;35
A122_10_118;3820;C;T;2;77
A122_10_118;3825;C;T;1;109
A122_10_118;3831;A;G;1;134
A122_10_118;3854;C;T;2;131
A122_10_118;3866;C;T;1;102
A122_10_118;3867;C;T;1;101
A122_10_118;3879;C;T;1;88
A122_10_118;3885;C;T;1;81
A122_10_118;3916;C;T;4;49
A122_10_118;3938;C;T;2;31
A122_10_118;3970;C;T;1;82
A122_10_118;3974;G;A;1;135
A122_10_118;3975;G;T;1;144
A122_10_118;3980;T;C;1;201
A122_10_118;3981;C;T;1;219
A122_10_118;3982;C;T;1;221
A122_10_118;3985;C;T;2;247
A122_10_118;3991;C;T;1;257
A122_10_118;3998;G;A;1;295
A122_10_118;4002;G;A;1;322
A122_10_118;4014;A;G;1;373
A122_10_118;4015;G;A;1;374
A122_10_118;4019;C;T;1;408
A122_10_118;4025;C;T;1;444
A122_10_118;4026;G;A;1;448
A122_10_118;4029;C;T;2;451
A122_10_118;4035;T;C;1;448
A122_10_118;4037;C;T;3;464
A122_10_118;4038;C;T;4;458
A122_10_118;4041;C;T;1;451
A122_10_118;4044;C;T;1;451
A122_10_118;4058;C;T;5;456
A122_10_118;4060;C;T;1;456
A122_10_118;4074;C;T;6;368
A122_10_118;4077;C;T;3;357
A122_10_118;4084;C;T;1;330
A122_10_118;4108;G;A;1;198
A122_10_119;139;A;G;1;42
A122_10_119;148;A;G;1;28
A122_10_119;162;T;C;1;28
A122_10_119;263;A;G;1;90
A122_10_119;393;A;G;1;24
A122_10_119;402;T;C;1;21
A122_10_119;404;T;C;1;20
A122_10_119;411;A;G;3;39
A122_10_119;417;A;G;12;46
A122_10_119;421;T;C;1;46
A122_10_119;430;A;G;2;32
A122_10_119;438;T;C;2;27
A122_10_119;439;A;G;1;26
A122_10_119;446;C;T;1;21
A122_10_119;464;T;C;1;15
A122_10_119;482;T;C;2;12
A122_10_119;483;A;G;1;11
A122_10_119;525;T;C;1;23
A122_10_119;527;T;C;1;22
A122_10_119;528;A;G;2;21
A122_10_119;564;A;G;8;85
A122_10_119;574;A;G;9;71
A122_10_119;628;A;G;1;24
A122_10_119;653;T;C;3;15
A122_10_119;661;T;C;1;12
A122_10_119;699;T;C;1;40
A122_10_119;710;T;C;1;55
A122_10_119;712;A;G;1;51
A122_10_119;726;T;C;1;38
A122_10_119;749;A;G;1;18
A122_10_119;751;A;G;1;17
A122_10_119;753;A;G;2;17
A122_10_119;816;T;C;1;7
A122_10_119;885;T;C;1;38
A122_10_119;886;A;G;1;37
A122_10_119;906;A;G;2;18
A122_10_119;955;T;C;1;36
A122_10_119;973;A;G;1;23
A122_10_119;984;T;C;1;45
A122_10_119;992;T;C;1;64
A122_10_119;1023;C;T;1;83
A122_10_119;1024;A;G;1;78
A122_10_119;1038;T;C;1;51
A122_10_119;1039;A;G;4;49
A122_10_119;1044;A;G;1;43
A122_10_119;1055;T;C;1;24
A122_10_119;1058;A;G;1;23
A122_10_119;1073;A;G;1;23
A122_10_119;1074;A;G;1;23
A122_10_119;1237;A;G;1;10
A122_10_119;1326;A;G;1;68
A122_10_119;1368;T;C;1;35
A122_10_119;1380;T;C;1;33
A122_10_119;1382;T;C;1;34
A122_10_119;1402;A;G;1;16
A122_10_119;1473;A;G;1;52
A122_10_119;1482;T;C;1;45
A122_10_119;1488;T;C;1;43
A122_10_119;1597;T;C;1;7
A122_10_119;1732;A;G;1;23
A122_10_119;1881;T;C;4;23
A122_10_119;1908;A;G;1;32
A122_10_119;1920;A;G;1;45
A122_10_119;1934;A;G;1;30
A122_10_119;1946;T;C;1;16
A122_10_119;1947;A;G;1;15
A122_10_119;2122;T;C;1;19
A122_10_119;2123;A;G;1;19
A122_10_119;2141;A;G;1;16
A122_10_119;2150;A;G;1;15
A122_10_119;2504;T;C;1;26
A122_10_119;2505;A;G;1;24
A122_10_119;2589;A;G;1;21
A122_10_119;2715;C;T;1;37
A122_10_119;2758;A;G;1;22
A122_10_119;2898;T;C;1;18
A122_10_119;2915;C;T;1;13
A122_10_119;2953;T;C;1;27
A122_10_119;2954;A;G;1;23
A122_10_119;2999;A;G;1;53
A122_10_119;3000;T;C;1;51
A122_10_119;3001;A;G;3;51
A122_10_119;3049;T;C;2;23
A122_10_119;3240;A;G;1;39
A122_10_119;3351;T;C;1;10
A122_10_119;3408;T;C;1;39
A122_10_119;3427;A;G;1;45
A122_10_119;3471;T;C;1;11
A122_10_119;3490;T;C;1;11
A122_10_119;3517;A;G;1;17
A122_10_119;3568;A;G;1;46
A122_10_119;3748;T;C;1;24
A122_10_119;3875;A;G;1;89
A122_10_119;3876;A;G;1;85
A122_10_119;3890;T;C;1;82
A122_10_119;3894;T;C;1;82
A122_10_119;3897;A;G;1;78
A122_10_119;3937;A;G;2;52
A122_10_119;3973;T;C;2;140
A122_10_119;3992;A;G;1;270
A122_10_119;4013;T;C;2;363
A122_10_119;4014;A;G;1;361
A122_10_119;4020;A;G;3;385
A122_10_119;4031;G;T;1;466
A122_10_119;4036;T;C;1;500
A122_10_119;4045;A;G;4;481
A122_10_119;4051;C;T;1;455
A122_10_119;4053;T;C;1;457
A122_10_119;4055;A;G;4;454
A122_10_119;4059;G;A;1;432
A122_10_119;4075;A;G;2;341
A122_10_119;4076;A;G;1;328
A122_10_119;4105;T;C;1;201
A122_10_221;226;G;A;1;62
A122_10_221;611;A;G;1;26
A122_10_221;2297;A;T;1;31
A122_10_221;2592;T;C;1;28
A122_10_221;2743;G;T;1;39
A122_10_221;2865;C;T;1;23
A122_10_221;3111;G;A;1;18
A122_10_221;3877;C;A;1;67
A122_10_221;4035;T;C;1;482
A122_10_221;4047;T;C;1;512
A122_10_221;4054;T;C;1;532
A122_10_471;217;A;G;1;77
A122_10_471;564;A;G;1;82
A122_10_471;774;A;G;1;41
A122_10_471;1392;C;G;1;56
A122_10_471;1586;A;T;1;15
A122_10_471;1745;C;T;1;50
A122_10_471;2036;C;T;1;54
A122_10_471;2301;C;T;1;39
A122_10_471;2517;G;A;1;51
A122_10_471;2694;A;G;1;89
A122_10_471;2696;C;T;1;98
A122_10_471;2913;G;A;1;7
A122_10_471;3128;T;C;1;84
A122_10_471;3130;T;C;1;83
A122_10_471;3745;T;C;1;82
A122_10_471;3785;C;G;1;101
A122_10_471;3787;C;A;1;98
A122_10_471;3990;T;C;1;214
A122_10_471;3996;G;A;1;232
A122_10_471;4021;C;T;1;399
A122_10_471;4024;G;A;1;431
A122_10_471;4049;T;C;1;501
A122_10_471;4067;C;T;1;464
A122_10_471;4069;G;A;1;448
A122_10_471;4081;A;G;1;427
A122_10_471;4083;T;C;1;422
A122_10_471;4095;A;G;1;399
