Chrom	Position	Ref	Cons	Reads1	Reads2	VarFreq	Strands1	Strands2	Qual1	Qual2	Pvalue	MapQual1	MapQual2	Reads1Plus	Reads1Minus	Reads2Plus	Reads2Minus	VarAllele
p122#10	1130	K	T	0	1	100%	0	1	0	62	0.98	0	1	0	0	1	0	T
p122#10	1147	K	T	0	11	100%	0	1	0	68	0.98	0	1	0	0	11	0	T
p122#10	1155	M	A	0	15	100%	0	1	0	69	0.98	0	1	0	0	15	0	A
p122#10	1162	K	T	0	24	100%	0	1	0	70	0.98	0	1	0	0	24	0	T
p122#10	2728	G	R	22	1	4,35%	1	1	73	74	0.98	1	1	22	0	1	0	A
p122#10	3307	A	R	56	1	1,75%	1	1	71	48	0.98	1	1	56	0	1	0	G
p122#10	3440	C	Y	75	1	1,32%	1	1	72	74	0.98	1	1	75	0	1	0	T
p122#10	3533	A	R	149	1	0,67%	1	1	70	74	0.98	1	1	149	0	1	0	G
p122#10	3930	A	R	20	1	4,76%	1	1	72	74	0.98	1	1	20	0	1	0	G
p122#10	3999	C	Y	419	1	0,24%	1	1	73	48	0.98	1	1	419	0	1	0	T
p122#10	4017	C	Y	537	2	0,37%	1	1	72	74	0.98	1	1	537	0	2	0	T
p122#10	4039	T	W	567	1	0,18%	1	1	72	62	0.98	1	1	567	0	1	0	A
p122#10	4053	T	Y	543	1	0,18%	1	1	69	74	0.98	1	1	543	0	1	0	C
p122#10	4067	C	Y	476	1	0,21%	1	1	72	74	0.98	1	1	476	0	1	0	T
p122#10	4097	G	R	340	1	0,29%	1	1	73	74	0.98	1	1	340	0	1	0	A
